,carat,cut,color,clarity,table,depth,cert,measurements,price,x,y,z
0,0.24,V.Good,G,SI1,61.0,58.9,GIA,4.09 x 4.10 x 2.41,300.0,4.09,4.1,2.41
1,0.31,V.Good,K,SI2,59.0,60.2,GIA,4.40 x 4.42 x 2.65,300.0,4.4,4.42,2.65
2,0.26,Good,J,VS2,56.5,64.1,IGI,4.01 x 4.05 x 2.58,300.0,4.01,4.05,2.58
3,0.24,Ideal,G,SI1,55.0,61.3,GIA,4.01 x 4.03 x 2.47,300.0,4.01,4.03,2.47
4,0.3,Good,H,I1,57.0,62.2,GIA,4.21 x 4.24 x 2.63,300.0,4.21,4.24,2.63
5,0.34,Good,F,I1,66.0,55.0,GIA,4.75 x 4.61 x 2.57,300.0,4.75,4.61,2.57
6,0.2,V.Good,I,VVS2,62.0,59.1,GIA,3.79 x 3.82 x 2.25,301.0,3.79,3.82,2.25
7,0.29,Ideal,G,I1,58.0,61.4,GIA,4.25 x 4.31 x 2.63,301.0,4.25,4.31,2.63
8,0.22,Ideal,I,VS1,62.0,59.6,GIA,3.90 x 3.93 x 2.33,301.0,3.9,3.93,2.33
9,0.25,V.Good,D,SI1,64.0,60.5,IGI,4.02 x 4.06 x 2.44,301.0,4.02,4.06,2.44
10,0.22,V.Good,H,VVS2,62.5,61.2,IGI,3.85 x 3.90 x 2.37,301.0,3.85,3.9,2.37
11,0.21,V.Good,G,VVS2,61.0,64.6,IGI,3.72 x 3.76 x 2.42,301.0,3.72,3.76,2.42
12,0.25,Good,I,VS2,62.0,62.7,IGI,3.95 x 4.01 x 2.50,301.0,3.95,4.01,2.5
13,0.2,V.Good,E,VVS2,54.0,62.9,GIA,3.72 x 3.75 x 2.35,301.0,3.72,3.75,2.35
14,0.24,Ideal,I,VS1,56.0,62.0,GIA,3.98 x 4.00 x 2.47,301.0,3.98,4.0,2.47
15,0.32,V.Good,I,I1,58.0,63.1,GIA,4.31 x 4.34 x 2.73,301.0,4.31,4.34,2.73
16,0.23,V.Good,G,SI1,62.0,58.6,GIA,4.00 x 4.02 x 2.35,301.0,4.0,4.02,2.35
17,0.21,Ideal,G,VS1,58.0,62.2,GIA,3.79 x 3.81 x 2.36,301.0,3.79,3.81,2.36
18,0.29,V.Good,F,SI1,60.0,61.9,EGL USA,4.22 x 4.24 x 2.62,301.0,4.22,4.24,2.62
19,0.24,V.Good,E,VS1,62.0,62.0,GIA,3.98 x 3.92 x 2.45,301.0,3.98,3.92,2.45
20,0.23,Ideal,H,SI2,55.0,61.6,GIA,3.95 x 3.98 x 2.45,302.0,3.95,3.98,2.45
21,0.25,Ideal,G,SI2,58.0,62.4,GIA,4.01 x 4.02 x 2.51,302.0,4.01,4.02,2.51
22,0.25,V.Good,E,SI2,59.0,59.9,GIA,4.11 x 4.15 x 2.48,302.0,4.11,4.15,2.48
23,0.23,V.Good,E,SI1,56.0,64.3,GIA,3.87 x 3.89 x 2.49,302.0,3.87,3.89,2.49
24,0.24,Ideal,H,SI1,58.0,62.4,GIA,4.00 x 4.01 x 2.50,302.0,4.0,4.01,2.5
25,0.23,V.Good,E,SI1,59.0,62.1,GIA,3.92 x 3.93 x 2.44,302.0,3.92,3.93,2.44
26,0.29,Good,E,SI2,67.0,60.2,GIA,4.19 x 4.26 x 2.54,302.0,4.19,4.26,2.54
27,0.25,Good,G,VS2,67.0,57.0,GIA,4.20 x 4.26 x 2.41,302.0,4.2,4.26,2.41
28,0.32,V.Good,I,I1,58.0,61.8,GIA,4.37 x 4.39 x 2.70,302.0,4.37,4.39,2.7
29,0.23,V.Good,E,SI1,57.0,63.9,GIA,3.88 x 3.89 x 2.48,302.0,3.88,3.89,2.48
30,0.25,Good,G,VS2,60.0,61.5,GIA,4.05 x 4.11 x 2.51,302.0,4.05,4.11,2.51
31,0.24,Good,F,VS2,62.0,58.0,GIA,4.13 x 4.02 x 2.36,302.0,4.13,4.02,2.36
32,0.25,Good,F,VS1,64.0,57.6,GIA,4.19 x 4.13 x 2.40,302.0,4.19,4.13,2.4
33,0.3,V.Good,E,I1,58.0,60.8,GIA,4.34 x 4.26 x 2.61,302.0,4.34,4.26,2.61
34,0.45,Ideal,F,I1,57.0,62.2,EGL,4.92 x 4.89 x 3.05,302.0,4.92,4.89,3.05
35,0.23,V.Good,G,SI2,55.0,64.4,GIA,2.49 x 3.85 x 3.87,302.0,2.49,3.85,3.87
36,0.28,V.Good,H,SI2,57.0,63.1,GIA,4.16 x 4.19 x 2.63,303.0,4.16,4.19,2.63
37,0.27,V.Good,G,SI2,61.0,58.8,GIA,4.25 x 4.26 x 2.50,303.0,4.25,4.26,2.5
38,0.26,V.Good,D,SI1,58.0,62.9,GIA,4.06 x 4.08 x 2.56,303.0,4.06,4.08,2.56
39,0.21,Ideal,K,VS2,60.0,59.9,GIA,3.88 x 3.89 x 2.33,303.0,3.88,3.89,2.33
40,0.26,V.Good,E,SI1,59.5,61.1,IGI,4.13 x 4.20 x 2.55,303.0,4.13,4.2,2.55
41,0.26,Good,E,SI1,63.0,61.0,IGI,4.04 x 4.10 x 2.48,303.0,4.04,4.1,2.48
42,0.23,Ideal,I,VVS1,61.5,60.9,IGI,3.98 x 4.00 x 2.43,303.0,3.98,4.0,2.43
43,0.29,V.Good,J,SI1,62.0,59.4,GIA,4.31 x 4.33 x 2.56,303.0,4.31,4.33,2.56
44,0.2,Ideal,E,VS2,56.0,62.5,GIA,3.75 x 3.76 x 2.35,303.0,3.75,3.76,2.35
45,0.23,V.Good,E,SI1,59.0,60.3,GIA,3.96 x 3.99 x 2.40,303.0,3.96,3.99,2.4
46,0.28,V.Good,H,SI1,61.0,61.3,GIA,4.22 x 4.24 x 2.59,303.0,4.22,4.24,2.59
47,0.28,Good,E,SI2,59.0,66.3,GIA,4.07 x 4.10 x 2.71,303.0,4.07,4.1,2.71
48,0.23,Good,H,VS2,57.0,67.0,GIA,3.79 x 3.75 x 2.53,303.0,3.79,3.75,2.53
49,0.22,Good,H,VVS1,67.5,59.0,IGI,3.92 x 3.96 x 2.33,304.0,3.92,3.96,2.33
50,0.31,V.Good,I,I1,59.0,61.1,GIA,4.31 x 4.33 x 2.64,304.0,4.31,4.33,2.64
51,0.2,Ideal,F,VS1,60.0,60.7,GIA,3.82 x 3.84 x 2.33,304.0,3.82,3.84,2.33
52,0.3,Good,D,I1,64.0,61.3,GIA,4.29 x 4.34 x 2.65,304.0,4.29,4.34,2.65
53,0.23,Ideal,I,VS1,58.0,61.4,GIA,3.97 x 4.00 x 2.45,304.0,3.97,4.0,2.45
54,0.3,Good,K,VS2,60.0,58.1,GIA,4.46 x 4.39 x 2.57,304.0,4.46,4.39,2.57
55,0.46,V.Good,H,I2,56.0,60.9,GIA,4.98 x 4.94 x 3.02,304.0,4.98,4.94,3.02
56,0.47,Good,I,I2,66.0,56.1,GIA,5.24 x 5.16 x 2.92,304.0,5.24,5.16,2.92
57,0.2,Ideal,G,VS1,59.0,59.7,GIA,2.27 x 3.78 x 3.82,304.0,2.27,3.78,3.82
58,0.23,V.Good,F,SI2,57.0,61.5,GIA,3.94 x 3.96 x 2.43,305.0,3.94,3.96,2.43
59,0.24,V.Good,I,VS2,60.0,60.4,GIA,3.97 x 4.01 x 2.41,305.0,3.97,4.01,2.41
60,0.22,Good,D,VVS2,62.0,63.3,GIA,3.81 x 3.85 x 2.43,305.0,3.81,3.85,2.43
61,0.33,Good,J,SI2,64.0,58.4,GIA,4.50 x 4.54 x 2.64,305.0,4.5,4.54,2.64
62,0.25,V.Good,F,SI2,59.0,60.8,GIA,4.08 x 4.10 x 2.49,305.0,4.08,4.1,2.49
63,0.24,Ideal,E,SI2,60.0,59.7,GIA,4.04 x 4.06 x 2.42,305.0,4.04,4.06,2.42
64,0.25,Ideal,G,SI1,58.0,61.8,GIA,4.04 x 4.05 x 2.50,305.0,4.04,4.05,2.5
65,0.31,Ideal,L,VS2,56.0,61.6,GIA,4.40 x 4.37 x 2.70,305.0,4.4,4.37,2.7
66,0.27,Good,I,VVS2,61.0,60.1,GIA,4.20 x 4.24 x 2.54,306.0,4.2,4.24,2.54
67,0.26,Good,F,SI1,62.0,64.7,IGI,3.95 x 4.01 x 2.58,306.0,3.95,4.01,2.58
68,0.26,V.Good,I,VS2,60.5,62.9,IGI,4.01 x 4.05 x 2.54,306.0,4.01,4.05,2.54
69,0.26,Good,F,SI1,60.5,65.7,IGI,3.94 x 3.98 x 2.60,306.0,3.94,3.98,2.6
70,0.26,V.Good,E,SI1,57.5,65.2,IGI,4.00 x 4.03 x 2.62,306.0,4.0,4.03,2.62
71,0.26,V.Good,E,SI1,60.5,62.5,IGI,4.05 x 4.08 x 2.54,306.0,4.05,4.08,2.54
72,0.31,V.Good,I,I1,58.0,63.9,GIA,4.23 x 4.25 x 2.71,306.0,4.23,4.25,2.71
73,0.3,Good,G,I1,58.0,65.9,GIA,4.14 x 4.16 x 2.74,306.0,4.14,4.16,2.74
74,0.24,Ideal,G,SI1,58.0,60.9,GIA,3.99 x 4.03 x 2.44,306.0,3.99,4.03,2.44
75,0.23,V.Good,F,SI1,61.0,62.1,GIA,3.87 x 3.89 x 2.41,306.0,3.87,3.89,2.41
76,0.2,Ideal,G,VS1,57.0,61.1,GIA,3.79 x 3.81 x 2.32,306.0,3.79,3.81,2.32
77,0.31,V.Good,I,I1,56.0,63.9,GIA,4.25 x 4.27 x 2.72,306.0,4.25,4.27,2.72
78,0.3,V.Good,L,SI1,57.0,60.5,GIA,4.33 x 4.28 x 2.60,306.0,4.33,4.28,2.6
79,0.23,Good,F,SI1,61.0,59.2,GIA,3.99 x 4.01 x 2.37,307.0,3.99,4.01,2.37
80,0.23,V.Good,F,SI2,60.0,62.2,GIA,3.92 x 3.89 x 2.43,307.0,3.92,3.89,2.43
81,0.23,Ideal,G,SI2,57.0,60.9,GIA,3.98 x 4.01 x 2.43,307.0,3.98,4.01,2.43
82,0.2,V.Good,F,VVS1,60.0,61.7,IGI,3.74 x 3.77 x 2.32,307.0,3.74,3.77,2.32
83,0.23,Ideal,J,VS1,57.0,61.1,GIA,3.92 x 3.94 x 2.40,307.0,3.92,3.94,2.4
84,0.23,V.Good,H,VS1,61.5,60.5,IGI,3.99 x 4.01 x 2.42,307.0,3.99,4.01,2.42
85,0.28,V.Good,H,SI1,60.5,62.5,IGI,4.16 x 4.17 x 2.60,307.0,4.16,4.17,2.6
86,0.23,V.Good,F,SI1,62.0,60.7,GIA,3.94 x 3.96 x 2.39,307.0,3.94,3.96,2.39
87,0.3,Good,H,SI2,59.0,58.6,GIA,4.44 x 4.40 x 2.59,307.0,4.44,4.4,2.59
88,0.3,Good,G,I1,55.0,66.1,GIA,4.20 x 4.14 x 2.76,307.0,4.2,4.14,2.76
89,0.24,V.Good,H,SI1,58.0,61.2,GIA,4.03 x 4.05 x 2.47,308.0,4.03,4.05,2.47
90,0.23,Ideal,F,SI1,60.0,60.5,GIA,3.92 x 3.95 x 2.38,308.0,3.92,3.95,2.38
91,0.23,V.Good,F,SI1,56.0,63.4,GIA,3.88 x 3.91 x 2.47,308.0,3.88,3.91,2.47
92,0.23,V.Good,H,VS1,56.0,63.5,GIA,3.88 x 3.89 x 2.47,308.0,3.88,3.89,2.47
93,0.23,Ideal,E,SI1,59.0,62.3,GIA,3.89 x 3.91 x 2.43,308.0,3.89,3.91,2.43
94,0.29,V.Good,E,SI2,62.0,61.3,IGI,4.26 x 4.29 x 2.62,308.0,4.26,4.29,2.62
95,0.23,Ideal,E,SI1,57.0,62.2,GIA,3.91 x 3.94 x 2.44,308.0,3.91,3.94,2.44
96,0.3,V.Good,F,I1,54.0,63.9,GIA,4.20 x 4.25 x 2.70,308.0,4.2,4.25,2.7
97,0.2,Ideal,J,VS2,57.0,62.0,GIA,3.73 x 3.75 x 2.32,308.0,3.73,3.75,2.32
98,0.2,V.Good,I,VVS2,60.0,61.6,GIA,3.74 x 3.75 x 2.31,308.0,3.74,3.75,2.31
99,0.23,Ideal,D,SI2,56.0,62.2,GIA,3.94 x 3.96 x 2.46,308.0,3.94,3.96,2.46
100,0.23,Ideal,F,SI1,57.0,61.6,GIA,3.96 x 3.99 x 2.45,308.0,3.96,3.99,2.45
101,0.2,Ideal,G,VS2,61.0,59.7,GIA,3.81 x 3.83 x 2.28,308.0,3.81,3.83,2.28
102,0.24,V.Good,H,SI1,61.0,62.9,GIA,3.94 x 3.96 x 2.48,309.0,3.94,3.96,2.48
103,0.23,Ideal,I,VS2,56.0,62.6,GIA,3.94 x 3.96 x 2.47,309.0,3.94,3.96,2.47
104,0.26,V.Good,E,SI1,66.0,60.1,IGI,4.14 x 4.17 x 2.50,309.0,4.14,4.17,2.5
105,0.26,Ideal,D,SI2,61.0,58.3,GIA,4.22 x 4.24 x 2.47,309.0,4.22,4.24,2.47
106,0.24,Good,F,VVS2,63.0,62.9,GIA,3.97 x 3.94 x 2.49,309.0,3.97,3.94,2.49
107,0.28,Good,I,VVS2,67.0,57.8,GIA,4.33 x 4.24 x 2.48,309.0,4.33,4.24,2.48
108,0.49,Good,J,I1,66.0,65.7,GIA,4.97 x 4.82 x 3.21,309.0,4.97,4.82,3.21
109,0.25,V.Good,E,SI2,59.0,60.7,GIA,4.07 x 4.10 x 2.48,310.0,4.07,4.1,2.48
110,0.2,V.Good,J,IF,57.0,63.8,GIA,3.66 x 3.68 x 2.34,310.0,3.66,3.68,2.34
111,0.2,V.Good,J,IF,60.0,60.4,GIA,3.75 x 3.77 x 2.27,310.0,3.75,3.77,2.27
112,0.23,Ideal,I,VS2,56.0,62.0,GIA,3.92 x 3.94 x 2.44,310.0,3.92,3.94,2.44
113,0.33,V.Good,I,I1,61.0,61.0,GIA,4.44 x 4.47 x 2.72,310.0,4.44,4.47,2.72
114,0.33,V.Good,I,I1,59.0,58.6,GIA,4.53 x 4.55 x 2.66,310.0,4.53,4.55,2.66
115,0.23,Ideal,I,VS1,56.0,61.8,GIA,3.95 x 3.98 x 2.45,310.0,3.95,3.98,2.45
116,0.2,V.Good,D,VS1,61.0,57.9,GIA,3.82 x 3.85 x 2.22,310.0,3.82,3.85,2.22
117,0.23,V.Good,F,SI1,57.0,59.0,GIA,4.00 x 4.02 x 2.37,310.0,4.0,4.02,2.37
118,0.26,Good,I,VVS1,63.0,61.1,GIA,4.12 x 4.15 x 2.52,310.0,4.12,4.15,2.52
119,0.26,V.Good,I,VVS2,61.0,59.0,GIA,4.16 x 4.21 x 2.48,310.0,4.16,4.21,2.48
120,0.32,Good,D,SI2,63.0,57.0,EGL,2.56 x 4.48 x 4.51,310.0,2.56,4.48,4.51
121,0.41,Good,L,I1,63.0,58.2,GIA,2.86 x 4.88 x 4.96,310.0,2.86,4.88,4.96
122,0.23,Ideal,E,SI1,62.0,59.2,GIA,4.00 x 4.01 x 2.37,311.0,4.0,4.01,2.37
123,0.21,V.Good,D,VS1,63.0,59.0,GIA,3.85 x 3.87 x 2.27,311.0,3.85,3.87,2.27
124,0.2,Ideal,I,VVS1,60.0,60.3,GIA,3.77 x 3.79 x 2.28,311.0,3.77,3.79,2.28
125,0.2,Ideal,I,VVS2,60.0,59.9,GIA,3.81 x 3.84 x 2.29,311.0,3.81,3.84,2.29
126,0.2,Ideal,I,VVS2,62.0,60.0,GIA,3.79 x 3.81 x 2.28,311.0,3.79,3.81,2.28
127,0.23,Ideal,D,SI1,57.0,61.1,GIA,3.98 x 3.99 x 2.44,311.0,3.98,3.99,2.44
128,0.21,Good,E,VVS2,67.0,58.4,IGI,3.91 x 3.94 x 2.30,311.0,3.91,3.94,2.3
129,0.3,Good,G,I1,57.0,65.7,GIA,4.15 x 4.17 x 2.73,311.0,4.15,4.17,2.73
130,0.31,V.Good,I,SI1,58.0,61.8,IGI,4.31 x 4.37 x 2.68,312.0,4.31,4.37,2.68
131,0.22,V.Good,F,VVS2,58.0,61.8,GIA,3.91 x 3.93 x 2.42,312.0,3.91,3.93,2.42
132,0.28,Good,E,SI1,62.0,63.4,GIA,4.12 x 4.17 x 2.63,312.0,4.12,4.17,2.63
133,0.3,Good,I,VS2,67.0,61.8,GIA,4.27 x 4.18 x 2.61,312.0,4.27,4.18,2.61
134,0.26,V.Good,H,SI1,62.0,59.4,EGL,2.46 x 4.11 x 4.17,312.0,2.46,4.11,4.17
135,0.3,V.Good,F,I1,58.0,63.6,GIA,4.24 x 4.26 x 2.70,313.0,4.24,4.26,2.7
136,0.32,Good,H,I1,58.0,64.4,GIA,4.28 x 4.29 x 2.76,313.0,4.28,4.29,2.76
137,0.23,Ideal,E,SI1,57.0,62.2,GIA,3.91 x 3.93 x 2.44,313.0,3.91,3.93,2.44
138,0.3,Ideal,H,I1,57.0,60.5,GIA,4.35 x 4.37 x 2.63,313.0,4.35,4.37,2.63
139,0.23,V.Good,E,VS1,61.0,60.9,GIA,4.01 x 3.98 x 2.43,313.0,4.01,3.98,2.43
140,0.24,Ideal,H,SI1,56.0,59.2,EGL,2.43 x 4.08 x 4.13,313.0,2.43,4.08,4.13
141,0.2,Ideal,I,VVS2,56.0,62.3,GIA,3.73 x 3.76 x 2.34,314.0,3.73,3.76,2.34
142,0.2,Ideal,I,VVS1,58.0,61.8,GIA,3.77 x 3.80 x 2.34,314.0,3.77,3.8,2.34
143,0.2,Ideal,J,VVS1,60.0,61.0,GIA,3.78 x 3.81 x 2.32,314.0,3.78,3.81,2.32
144,0.3,Good,F,I1,57.0,60.1,GIA,4.31 x 4.32 x 2.60,314.0,4.31,4.32,2.6
145,0.25,Ideal,J,VS2,58.0,61.4,GIA,4.04 x 4.06 x 2.49,314.0,4.04,4.06,2.49
146,0.21,Ideal,H,VS1,57.0,62.6,GIA,3.82 x 3.85 x 2.40,314.0,3.82,3.85,2.4
147,0.23,Ideal,E,SI2,56.0,62.4,GIA,3.93 x 3.94 x 2.45,314.0,3.93,3.94,2.45
148,0.25,Ideal,G,SI1,58.0,62.7,GIA,4.04 x 4.06 x 2.54,314.0,4.04,4.06,2.54
149,0.2,V.Good,D,VS1,59.0,62.2,GIA,3.71 x 3.74 x 2.32,314.0,3.71,3.74,2.32
150,0.34,Good,K,SI1,58.0,61.3,GIA,4.41 x 4.37 x 2.69,314.0,4.41,4.37,2.69
151,0.41,Good,L,SI2,62.0,62.7,GIA,4.76 x 4.68 x 2.96,314.0,4.76,4.68,2.96
152,0.23,Ideal,F,SI2,59.0,60.2,GIA,4.01 x 3.99 x 2.41,315.0,4.01,3.99,2.41
153,0.24,Ideal,F,SI2,59.0,59.7,GIA,4.06 x 4.08 x 2.43,315.0,4.06,4.08,2.43
154,0.31,Good,F,I1,61.0,65.7,GIA,4.18 x 4.20 x 2.75,315.0,4.18,4.2,2.75
155,0.34,Good,K,SI2,62.5,62.2,IGI,4.39 x 4.42 x 2.74,315.0,4.39,4.42,2.74
156,0.37,Good,J,I1,69.0,56.5,GIA,4.73 x 4.80 x 2.69,316.0,4.73,4.8,2.69
157,0.25,Ideal,F,SI2,57.0,62.5,GIA,4.03 x 4.05 x 2.52,316.0,4.03,4.05,2.52
158,0.23,Ideal,E,SI1,58.0,62.5,GIA,3.88 x 3.89 x 2.43,316.0,3.88,3.89,2.43
159,0.32,V.Good,K,SI2,55.0,60.0,IGI,4.48 x 4.50 x 2.70,316.0,4.48,4.5,2.7
160,0.3,Ideal,H,I1,61.0,59.9,GIA,4.37 x 4.39 x 2.62,316.0,4.37,4.39,2.62
161,0.3,V.Good,H,I1,57.0,63.5,GIA,4.21 x 4.24 x 2.68,316.0,4.21,4.24,2.68
162,0.23,V.Good,E,VS1,60.0,62.2,GIA,3.88 x 3.92 x 2.43,316.0,3.88,3.92,2.43
163,0.33,Good,K,SI2,65.0,62.7,GIA,4.32 x 4.38 x 2.73,316.0,4.32,4.38,2.73
164,0.23,V.Good,H,VS1,57.0,61.4,GIA,3.97 x 3.89 x 2.42,316.0,3.97,3.89,2.42
165,0.31,V.Good,L,SI1,61.0,58.3,GIA,4.49 x 4.43 x 2.60,316.0,4.49,4.43,2.6
166,0.25,V.Good,G,SI1,59.0,60.6,GIA,4.06 x 4.08 x 2.47,317.0,4.06,4.08,2.47
167,0.27,Good,E,SI1,64.0,60.3,GIA,4.15 x 4.22 x 2.53,317.0,4.15,4.22,2.53
168,0.21,V.Good,D,VS1,60.0,61.0,GIA,3.85 x 3.88 x 2.36,317.0,3.85,3.88,2.36
169,0.2,Ideal,H,VVS2,59.0,61.3,GIA,3.78 x 3.81 x 2.33,317.0,3.78,3.81,2.33
170,0.2,Ideal,I,VVS1,61.0,60.0,GIA,3.76 x 3.79 x 2.26,317.0,3.76,3.79,2.26
171,0.21,Good,F,VS1,59.0,63.9,GIA,3.73 x 3.78 x 2.40,317.0,3.73,3.78,2.4
172,0.23,Ideal,F,SI2,57.0,63.0,GIA,3.89 x 3.91 x 2.46,317.0,3.89,3.91,2.46
173,0.23,Good,D,VVS2,66.0,60.2,GIA,4.01 x 3.93 x 2.39,317.0,4.01,3.93,2.39
174,0.22,V.Good,E,SI1,60.0,62.0,GIA,2.4 x 3.86 x 3.87,317.0,2.4,3.86,3.87
175,0.22,Ideal,J,VVS1,55.0,62.4,IGI,3.85 x 3.87 x 2.41,318.0,3.85,3.87,2.41
176,0.22,Ideal,J,VVS2,56.0,62.1,IGI,3.89 x 3.91 x 2.42,318.0,3.89,3.91,2.42
177,0.21,V.Good,F,VVS2,65.5,58.3,IGI,3.91 x 3.95 x 2.29,318.0,3.91,3.95,2.29
178,0.23,Ideal,I,VS1,58.0,61.2,GIA,3.93 x 3.94 x 2.41,318.0,3.93,3.94,2.41
179,0.3,Good,F,I1,55.0,65.9,GIA,4.12 x 4.15 x 2.72,318.0,4.12,4.15,2.72
180,0.24,Ideal,I,VS1,57.0,62.1,GIA,3.95 x 3.97 x 3.95,318.0,3.95,3.97,3.95
181,0.3,Good,F,I1,56.0,65.9,GIA,4.13 x 4.15 x 2.73,318.0,4.13,4.15,2.73
182,0.3,Good,F,I1,58.0,66.1,GIA,4.10 x 4.13 x 2.72,318.0,4.1,4.13,2.72
183,0.23,Ideal,F,SI1,60.0,59.6,GIA,3.98 x 4.00 x 2.38,319.0,3.98,4.0,2.38
184,0.26,Ideal,H,SI2,58.0,61.7,GIA,4.08 x 4.11 x 2.53,319.0,4.08,4.11,2.53
185,0.26,V.Good,E,SI1,61.0,62.5,GIA,4.06 x 4.10 x 2.55,319.0,4.06,4.1,2.55
186,0.3,Ideal,K,VS1,60.5,58.1,IGI,4.39 x 4.41 x 2.56,319.0,4.39,4.41,2.56
187,0.25,Good,G,VS1,62.0,61.2,GIA,4.06 x 4.13 x 2.51,319.0,4.06,4.13,2.51
188,0.2,Ideal,I,VVS2,57.0,62.3,GIA,3.75 x 3.77 x 2.34,320.0,3.75,3.77,2.34
189,0.2,Ideal,E,VS2,55.0,62.5,GIA,3.72 x 3.74 x 2.33,320.0,3.72,3.74,2.33
190,0.2,Ideal,J,IF,54.0,61.3,IGI,3.84 x 3.86 x 2.36,320.0,3.84,3.86,2.36
191,0.2,Ideal,I,VVS2,57.0,62.4,GIA,3.74 x 3.76 x 2.34,320.0,3.74,3.76,2.34
192,0.2,Ideal,J,VVS2,59.0,61.0,GIA,3.77 x 3.79 x 2.31,320.0,3.77,3.79,2.31
193,0.2,Ideal,I,VVS2,56.0,61.9,GIA,3.76 x 3.79 x 2.34,320.0,3.76,3.79,2.34
194,0.23,Ideal,K,VS1,56.0,61.9,GIA,3.90 x 3.94 x 2.43,320.0,3.9,3.94,2.43
195,0.23,V.Good,G,VS2,59.0,62.2,GIA,3.87 x 3.91 x 2.42,320.0,3.87,3.91,2.42
196,0.34,Ideal,I,I1,62.0,60.3,GIA,4.54 x 4.56 x 2.74,320.0,4.54,4.56,2.74
197,0.34,V.Good,I,I1,63.0,59.5,GIA,4.51 x 4.53 x 2.69,320.0,4.51,4.53,2.69
198,0.22,V.Good,F,VS2,60.0,59.6,GIA,3.93 x 3.95 x 2.35,320.0,3.93,3.95,2.35
199,0.23,Ideal,E,SI1,57.0,62.5,GIA,3.92 x 3.93 x 2.45,320.0,3.92,3.93,2.45
200,0.23,Ideal,F,SI1,57.0,60.7,GIA,3.98 x 4.00 x 2.42,320.0,3.98,4.0,2.42
201,0.23,Ideal,E,SI1,58.0,61.6,GIA,3.93 x 3.95 x 2.43,320.0,3.93,3.95,2.43
202,0.23,Ideal,E,SI1,58.0,60.7,GIA,3.98 x 4.01 x 2.43,320.0,3.98,4.01,2.43
203,0.33,V.Good,K,SI2,61.0,61.8,GIA,4.44 x 4.46 x 2.75,320.0,4.44,4.46,2.75
204,0.3,V.Good,G,I1,56.0,64.0,GIA,4.19 x 4.21 x 2.69,320.0,4.19,4.21,2.69
205,0.28,V.Good,F,SI1,63.0,58.6,GIA,4.37 x 4.29 x 2.54,320.0,4.37,4.29,2.54
206,0.33,V.Good,F,I1,60.0,62.3,GIA,4.42 x 4.38 x 2.74,320.0,4.42,4.38,2.74
207,0.29,Good,I,VS2,67.0,57.4,GIA,4.31 x 4.37 x 2.49,320.0,4.31,4.37,2.49
208,0.2,V.Good,F,VS1,61.0,62.2,GIA,3.77 x 3.75 x 2.34,320.0,3.77,3.75,2.34
209,0.21,Good,F,VS1,59.0,63.9,GIA,3.73 x 3.78 x 2.4,320.0,3.73,3.78,2.4
210,0.3,V.Good,F,SI2,54.0,65.6,EGL Intl.,4.15 x 4.21 x 2.74,320.0,4.15,4.21,2.74
211,0.23,V.Good,H,VS1,57.0,61.4,GIA,3.97 x 3.89 x 2.42,320.0,3.97,3.89,2.42
212,0.28,Good,I,VS1,64.0,59.6,GIA,4.18 x 4.27 x 2.52,320.0,4.18,4.27,2.52
213,0.33,V.Good,F,I1,60.0,62.3,GIA,4.42 x 4.38 x 2.74,320.0,4.42,4.38,2.74
214,0.25,V.Good,E,SI2,57.0,60.5,GIA,4.15 x 4.08 x 2.49,320.0,4.15,4.08,2.49
215,0.27,V.Good,F,VS1,60.0,63.9,EGL Intl.,4.01 x 4.13 x 2.6,320.0,4.01,4.13,2.6
216,0.31,V.Good,L,SI1,61.0,58.3,GIA,4.49 x 4.43 x 2.6,320.0,4.49,4.43,2.6
217,0.22,V.Good,E,VS1,59.0,61.8,GIA,3.88 x 3.86 x 2.39,320.0,3.88,3.86,2.39
218,0.27,V.Good,D,VS1,59.0,65.7,EGL Intl.,4 x 4.04 x 2.64,320.0,4.0,4.04,2.64
219,0.22,Good,E,VS2,64.0,61.7,GIA,3.87 x 3.82 x 2.37,320.0,3.87,3.82,2.37
220,0.2,V.Good,G,VVS1,60.0,60.7,GIA,3.78 x 3.76 x 2.29,320.0,3.78,3.76,2.29
221,0.2,Good,G,VVS2,59.0,59.4,GIA,3.78 x 3.77 x 2.24,320.0,3.78,3.77,2.24
222,0.21,Good,E,VS1,66.0,58.1,GIA,3.93 x 3.86 x 2.27,320.0,3.93,3.86,2.27
223,0.27,V.Good,D,VS1,0.0,0.0,EGL Intl.,4.31 x 4.35 x 2.36,320.0,4.31,4.35,2.36
224,0.21,Good,F,VS2,64.0,57.5,EGL,2.24 x 3.86 x 3.93,320.0,2.24,3.86,3.93
225,0.26,V.Good,E,SI2,61.0,61.1,GIA,4.11 x 4.12 x 2.51,321.0,4.11,4.12,2.51
226,0.2,Ideal,F,VS1,62.0,59.6,GIA,3.79 x 3.83 x 2.27,321.0,3.79,3.83,2.27
227,0.23,V.Good,G,VS2,63.0,58.6,GIA,3.98 x 4.00 x 2.34,321.0,3.98,4.0,2.34
228,0.2,Ideal,F,VS2,57.0,61.2,GIA,3.78 x 3.81 x 2.32,321.0,3.78,3.81,2.32
229,0.32,V.Good,G,I1,61.0,60.5,GIA,4.36 x 4.38 x 2.64,321.0,4.36,4.38,2.64
230,0.23,Ideal,I,VS1,59.0,61.4,GIA,3.94 x 3.97 x 2.43,321.0,3.94,3.97,2.43
231,0.22,Ideal,I,VS1,56.0,62.7,GIA,3.82 x 3.85 x 2.41,321.0,3.82,3.85,2.41
232,0.21,Ideal,D,VS2,60.0,61.8,GIA,3.82 x 3.83 x 2.36,321.0,3.82,3.83,2.36
233,0.23,V.Good,D,SI1,56.0,60.3,GIA,3.95 x 4.00 x 2.40,321.0,3.95,4.0,2.4
234,0.36,Good,G,I1,60.0,62.6,GIA,4.49 x 4.46 x 2.80,321.0,4.49,4.46,2.8
235,0.26,Ideal,E,SI2,57.0,61.7,GIA,4.10 x 4.13 x 2.54,322.0,4.1,4.13,2.54
236,0.21,V.Good,K,VVS1,60.0,60.0,GIA,3.83 x 3.85 x 2.30,322.0,3.83,3.85,2.3
237,0.3,V.Good,H,I1,56.0,64.0,GIA,4.23 x 4.26 x 2.72,322.0,4.23,4.26,2.72
238,0.23,Ideal,F,SI1,58.0,62.2,GIA,3.94 x 3.95 x 2.45,322.0,3.94,3.95,2.45
239,0.23,Ideal,F,SI1,57.0,62.4,GIA,3.93 x 3.94 x 2.45,322.0,3.93,3.94,2.45
240,0.28,Good,I,VS1,64.0,59.6,GIA,4.27 x 4.18 x 2.52,322.0,4.27,4.18,2.52
241,0.3,Good,K,SI1,59.0,58.0,GIA,4.45 x 4.41 x 2.57,322.0,4.45,4.41,2.57
242,0.25,Good,H,SI2,63.0,55.5,GIA,2.36 x 4.23 x 4.27,322.0,2.36,4.23,4.27
243,0.25,V.Good,G,SI1,60.0,60.8,GIA,4.07 x 4.08 x 2.48,323.0,4.07,4.08,2.48
244,0.29,Good,I,VS2,67.0,57.4,GIA,4.31 x 4.37 x 2.49,323.0,4.31,4.37,2.49
245,0.2,Ideal,J,VVS1,56.0,61.8,GIA,3.75 x 3.78 x 2.33,323.0,3.75,3.78,2.33
246,0.2,Ideal,H,VVS1,57.0,62.2,GIA,3.73 x 3.76 x 2.33,323.0,3.73,3.76,2.33
247,0.24,Ideal,I,VS2,59.0,61.8,GIA,3.96 x 3.98 x 2.46,323.0,3.96,3.98,2.46
248,0.2,Ideal,J,VVS2,56.0,62.3,GIA,3.71 x 3.74 x 2.32,323.0,3.71,3.74,2.32
249,0.2,Ideal,I,VVS1,56.0,62.2,GIA,3.74 x 3.76 x 2.33,323.0,3.74,3.76,2.33
250,0.2,Ideal,I,VVS2,61.0,59.5,GIA,3.84 x 3.87 x 2.29,323.0,3.84,3.87,2.29
251,0.2,Ideal,H,VVS1,56.0,62.7,GIA,3.73 x 3.76 x 2.35,323.0,3.73,3.76,2.35
252,0.31,Ideal,I,I1,56.0,62.6,GIA,4.30 x 4.32 x 2.70,323.0,4.3,4.32,2.7
253,0.24,Ideal,I,VS2,57.0,61.8,GIA,3.99 x 4.01 x 2.48,323.0,3.99,4.01,2.48
254,0.25,V.Good,J,VS1,57.0,61.3,GIA,4.04 x 4.05 x 2.48,323.0,4.04,4.05,2.48
255,0.24,Ideal,I,VS2,58.0,61.6,GIA,4.00 x 4.01 x 2.47,323.0,4.0,4.01,2.47
256,0.3,Good,K,VS2,65.0,60.7,GIA,4.24 x 4.31 x 2.60,323.0,4.24,4.31,2.6
257,0.31,V.Good,H,I1,59.0,59.7,GIA,4.39 x 4.40 x 2.62,323.0,4.39,4.4,2.62
258,0.2,Ideal,H,VVS1,56.0,62.6,GIA,3.75 x 3.77 x 2.35,323.0,3.75,3.77,2.35
259,0.23,Ideal,F,SI1,59.0,60.5,GIA,4.01 x 4.04 x 2.43,323.0,4.01,4.04,2.43
260,0.23,Good,E,VS2,57.0,63.1,GIA,3.90 x 3.94 x 2.47,323.0,3.9,3.94,2.47
261,0.34,Good,J,SI2,57.0,63.0,IGI,4.40 x 4.43 x 2.78,323.0,4.4,4.43,2.78
262,0.24,Ideal,E,SI1,56.0,62.4,GIA,4.00 x 4.01 x 2.50,323.0,4.0,4.01,2.5
263,0.25,Ideal,E,SI1,57.0,61.4,GIA,4.09 x 4.11 x 2.52,323.0,4.09,4.11,2.52
264,0.3,Good,I,SI1,57.0,67.2,EGL,4.21 x 4.12 x 2.79,323.0,4.21,4.12,2.79
265,0.48,Good,J,I2,59.0,66.1,GIA,4.83 x 4.76 x 3.17,323.0,4.83,4.76,3.17
266,0.23,Good,K,VVS1,55.0,64.4,GIA,3.84 x 3.85 x 2.47,324.0,3.84,3.85,2.47
267,0.2,V.Good,E,VS1,57.0,62.4,GIA,3.72 x 3.76 x 2.33,324.0,3.72,3.76,2.33
268,0.27,V.Good,D,SI1,62.5,59.6,IGI,4.12 x 4.17 x 2.47,324.0,4.12,4.17,2.47
269,0.23,V.Good,H,VS2,65.5,58.4,IGI,3.98 x 4.01 x 2.34,324.0,3.98,4.01,2.34
270,0.24,Ideal,F,SI1,56.0,62.5,GIA,3.96 x 3.98 x 2.48,324.0,3.96,3.98,2.48
271,0.23,V.Good,H,VS2,62.0,63.4,IGI,3.81 x 3.86 x 2.43,324.0,3.81,3.86,2.43
272,0.23,Ideal,F,SI2,55.0,61.5,GIA,3.96 x 3.98 x 2.44,324.0,3.96,3.98,2.44
273,0.2,Ideal,E,VS2,56.0,62.3,GIA,3.74 x 3.77 x 2.34,324.0,3.74,3.77,2.34
274,0.28,Good,E,SI2,56.0,69.7,EGL,2.74 x 3.91 x 3.95,324.0,2.74,3.91,3.95
275,0.27,Ideal,F,SI2,57.0,62.1,GIA,4.15 x 4.16 x 2.58,325.0,4.15,4.16,2.58
276,0.22,V.Good,E,VS2,62.0,59.7,GIA,3.92 x 3.95 x 2.35,325.0,3.92,3.95,2.35
277,0.21,Ideal,J,IF,56.0,61.6,IGI,3.85 x 3.88 x 2.38,325.0,3.85,3.88,2.38
278,0.2,Ideal,F,VS1,60.0,61.1,GIA,3.77 x 3.79 x 2.31,325.0,3.77,3.79,2.31
279,0.2,Ideal,K,VVS1,60.0,60.7,GIA,3.77 x 3.80 x 2.30,325.0,3.77,3.8,2.3
280,0.2,V.Good,D,VS1,58.0,63.8,GIA,3.68 x 3.71 x 2.36,325.0,3.68,3.71,2.36
281,0.3,V.Good,H,I1,61.0,60.2,GIA,4.29 x 4.32 x 2.59,325.0,4.29,4.32,2.59
282,0.2,Good,G,VVS2,58.0,64.5,GIA,3.68 x 3.72 x 2.39,325.0,3.68,3.72,2.39
283,0.2,V.Good,G,VVS2,61.0,62.0,GIA,3.72 x 3.74 x 2.32,325.0,3.72,3.74,2.32
284,0.3,Ideal,I,I1,57.0,62.2,GIA,4.27 x 4.30 x 2.66,325.0,4.27,4.3,2.66
285,0.3,V.Good,F,I1,57.0,62.9,GIA,4.26 x 4.29 x 2.69,325.0,4.26,4.29,2.69
286,0.34,V.Good,K,SI2,59.5,60.3,IGI,4.48 x 4.50 x 2.71,325.0,4.48,4.5,2.71
287,0.24,V.Good,E,VS1,62.0,62.0,GIA,3.92 x 3.98 x 2.45,325.0,3.92,3.98,2.45
288,0.41,Good,J,I1,58.0,61.5,GIA,4.81 x 4.74 x 2.94,325.0,4.81,4.74,2.94
289,0.27,V.Good,F,SI2,58.0,62.2,GIA,4.13 x 4.17 x 2.58,326.0,4.13,4.17,2.58
290,0.2,Ideal,H,VVS1,59.0,61.5,GIA,3.76 x 3.78 x 2.32,326.0,3.76,3.78,2.32
291,0.2,Ideal,H,VVS2,57.0,62.4,GIA,3.74 x 3.76 x 2.34,326.0,3.74,3.76,2.34
292,0.23,Ideal,D,SI1,57.0,61.8,GIA,3.92 x 3.94 x 2.42,326.0,3.92,3.94,2.42
293,0.24,Ideal,F,SI1,60.0,59.6,GIA,4.06 x 4.08 x 2.42,326.0,4.06,4.08,2.42
294,0.31,V.Good,H,I1,57.0,62.6,GIA,4.31 x 4.33 x 2.71,326.0,4.31,4.33,2.71
295,0.23,V.Good,E,VS2,58.0,62.4,GIA,3.92 x 3.93 x 2.45,326.0,3.92,3.93,2.45
296,0.23,V.Good,E,VS2,55.0,63.1,GIA,3.89 x 3.91 x 2.46,326.0,3.89,3.91,2.46
297,0.26,V.Good,F,SI1,56.0,63.0,GIA,4.04 x 4.06 x 2.55,326.0,4.04,4.06,2.55
298,0.25,Good,F,VS1,64.0,57.6,GIA,4.13 x 4.19 x 2.40,326.0,4.13,4.19,2.4
299,0.4,V.Good,K,I1,64.0,60.0,GIA,4.73 x 4.77 x 2.85,326.0,4.73,4.77,2.85
300,0.24,Good,H,SI1,60.0,57.3,GIA,4.15 x 4.16 x 2.38,327.0,4.15,4.16,2.38
301,0.3,Good,I,SI1,62.0,64.4,GIA,4.18 x 4.20 x 2.70,327.0,4.18,4.2,2.7
302,0.23,Ideal,D,SI2,55.0,61.6,GIA,3.95 x 3.98 x 2.44,327.0,3.95,3.98,2.44
303,0.27,Ideal,G,SI2,61.0,60.4,GIA,4.21 x 4.22 x 2.55,327.0,4.21,4.22,2.55
304,0.23,V.Good,J,VVS2,63.0,60.5,IGI,3.92 x 3.95 x 2.38,327.0,3.92,3.95,2.38
305,0.2,V.Good,H,VVS1,60.0,62.6,GIA,3.69 x 3.72 x 2.32,327.0,3.69,3.72,2.32
306,0.29,Good,E,SI1,56.0,65.1,GIA,4.18 x 4.20 x 2.73,327.0,4.18,4.2,2.73
307,0.28,Good,H,VS2,63.0,64.9,EGL USA,4.08 x 4.15 x 2.67,327.0,4.08,4.15,2.67
308,0.4,Good,L,SI2,67.0,59.5,GIA,4.83 x 4.74 x 2.85,327.0,4.83,4.74,2.85
309,0.26,V.Good,H,SI1,58.0,62.4,GIA,4.08 x 4.10 x 2.55,328.0,4.08,4.1,2.55
310,0.2,Ideal,H,VVS2,58.0,62.4,GIA,3.72 x 3.73 x 2.32,328.0,3.72,3.73,2.32
311,0.21,Ideal,J,VVS1,57.0,62.5,GIA,3.80 x 3.81 x 2.38,328.0,3.8,3.81,2.38
312,0.21,V.Good,E,VVS2,57.0,63.2,GIA,3.77 x 3.79 x 2.39,328.0,3.77,3.79,2.39
313,0.23,V.Good,H,VS2,66.0,59.1,IGI,3.98 x 4.03 x 2.37,328.0,3.98,4.03,2.37
314,0.21,V.Good,F,VVS1,61.0,61.4,IGI,3.82 x 3.85 x 2.35,328.0,3.82,3.85,2.35
315,0.3,Good,F,I1,56.0,64.8,GIA,4.18 x 4.18 x 2.71,328.0,4.18,4.18,2.71
316,0.3,Good,F,I1,53.0,62.0,GIA,4.26 x 4.27 x 2.64,328.0,4.26,4.27,2.64
317,0.36,V.Good,I,I1,56.0,61.8,GIA,4.56 x 4.58 x 2.83,328.0,4.56,4.58,2.83
318,0.26,Ideal,H,VS2,56.0,60.8,IGI,4.12 x 4.14 x 2.51,328.0,4.12,4.14,2.51
319,0.21,Ideal,H,VVS2,57.0,61.6,GIA,3.85 x 3.87 x 2.37,328.0,3.85,3.87,2.37
320,0.23,Ideal,E,VS2,60.0,60.0,GIA,3.95 x 3.98 x 2.38,328.0,3.95,3.98,2.38
321,0.21,Ideal,F,VS1,59.0,60.1,GIA,3.88 x 3.90 x 2.34,328.0,3.88,3.9,2.34
322,0.23,Good,D,VS1,57.0,66.8,GIA,3.79 x 3.75 x 2.52,328.0,3.79,3.75,2.52
323,0.23,Good,G,SI1,55.0,64.7,GIA,2.46 x 3.79 x 3.83,328.0,2.46,3.79,3.83
324,0.27,V.Good,F,SI2,57.0,62.0,GIA,4.13 x 4.15 x 2.57,329.0,4.13,4.15,2.57
325,0.2,Ideal,H,VVS2,58.0,61.3,GIA,3.75 x 3.78 x 2.31,329.0,3.75,3.78,2.31
326,0.2,Ideal,H,VVS2,57.0,61.2,GIA,3.75 x 3.77 x 2.30,329.0,3.75,3.77,2.3
327,0.2,Ideal,H,VVS2,58.0,60.9,GIA,3.81 x 3.85 x 2.33,329.0,3.81,3.85,2.33
328,0.27,Ideal,H,SI1,56.0,61.9,GIA,4.14 x 4.16 x 2.57,329.0,4.14,4.16,2.57
329,0.21,V.Good,I,VVS1,62.0,59.5,GIA,3.87 x 3.89 x 2.31,329.0,3.87,3.89,2.31
330,0.38,V.Good,J,I1,61.0,62.5,GIA,4.57 x 4.58 x 2.86,329.0,4.57,4.58,2.86
331,0.25,V.Good,H,VS1,56.0,63.1,GIA,3.97 x 4.00 x 2.52,329.0,3.97,4.0,2.52
332,0.3,V.Good,D,I2,62.0,60.8,EGL,4.28 x 4.25 x 2.59,329.0,4.28,4.25,2.59
333,0.3,V.Good,D,I2,59.0,62.6,EGL,4.31 x 4.25 x 2.68,329.0,4.31,4.25,2.68
334,0.5,Good,J,I2,56.0,68.5,EGL,4.94 x 4.78 x 3.33,329.0,4.94,4.78,3.33
335,0.21,Ideal,K,VVS1,60.0,61.1,GIA,3.81 x 3.86 x 2.35,330.0,3.81,3.86,2.35
336,0.27,V.Good,F,SI2,61.0,59.8,GIA,4.18 x 4.20 x 2.51,330.0,4.18,4.2,2.51
337,0.23,Ideal,H,VS1,57.0,62.4,GIA,3.90 x 3.92 x 2.44,330.0,3.9,3.92,2.44
338,0.3,V.Good,G,I1,57.0,62.1,GIA,4.25 x 4.27 x 2.64,330.0,4.25,4.27,2.64
339,0.2,Ideal,E,VVS2,58.0,61.7,GIA,3.76 x 3.78 x 2.33,330.0,3.76,3.78,2.33
340,0.37,Good,J,SI1,55.0,57.7,GIA,4.75 x 4.62 x 2.70,330.0,4.75,4.62,2.7
341,0.31,V.Good,F,I1,61.0,61.8,GIA,4.34 x 4.3 x 2.67,330.0,4.34,4.3,2.67
342,0.26,Good,G,VS1,62.0,61.1,GIA,4.18 x 4.14 x 2.54,330.0,4.18,4.14,2.54
343,0.22,V.Good,F,VS1,62.0,60.0,GIA,3.96 x 3.93 x 2.37,330.0,3.96,3.93,2.37
344,0.3,V.Good,F,I1,60.0,60.1,GIA,4.36 x 4.35 x 2.62,330.0,4.36,4.35,2.62
345,0.3,Ideal,F,I1,57.0,61.8,GIA,4.33 x 4.31 x 2.67,330.0,4.33,4.31,2.67
346,0.3,Good,J,SI1,68.0,60.5,GIA,4.29 x 4.33 x 2.61,330.0,4.29,4.33,2.61
347,0.22,V.Good,D,VS2,59.0,61.6,GIA,3.89 x 3.88 x 2.39,330.0,3.89,3.88,2.39
348,0.21,Ideal,F,VS1,58.0,60.2,GIA,3.88 x 3.9 x 2.34,330.0,3.88,3.9,2.34
349,0.39,V.Good,K,SI2,58.0,63.1,GIA,4.66 x 4.62 x 2.93,330.0,4.66,4.62,2.93
350,0.28,V.Good,E,VS2,58.0,61.4,EGL Intl.,4.18 x 4.25 x 2.59,330.0,4.18,4.25,2.59
351,0.28,V.Good,E,VS1,60.0,52.6,EGL Intl.,4.5 x 4.55 x 2.38,330.0,4.5,4.55,2.38
352,0.26,Ideal,D,VS1,0.0,0.0,EGL Intl.,4.1 x 4.24 x 2.51,330.0,4.1,4.24,2.51
353,0.3,V.Good,F,I1,62.0,61.2,GIA,4.29 x 4.34 x 2.64,330.0,4.29,4.34,2.64
354,0.41,Good,J,I1,58.0,61.5,GIA,4.74 x 4.81 x 2.94,330.0,4.74,4.81,2.94
355,0.27,V.Good,I,VS1,61.0,58.4,GIA,4.22 x 4.31 x 2.49,330.0,4.22,4.31,2.49
356,0.26,V.Good,E,SI2,59.0,63.4,GIA,4.03 x 4 x 2.55,330.0,4.03,4.0,2.55
357,0.23,Good,D,VVS2,66.0,60.2,GIA,4.01 x 3.93 x 2.39,330.0,4.01,3.93,2.39
358,0.22,Good,H,VS2,65.0,61.0,GIA,3.82 x 3.88 x 2.35,330.0,3.82,3.88,2.35
359,0.22,V.Good,J,VVS2,59.0,61.5,GIA,3.9 x 3.86 x 2.39,330.0,3.9,3.86,2.39
360,0.21,V.Good,E,VS2,60.0,59.2,GIA,3.91 x 3.86 x 2.3,330.0,3.91,3.86,2.3
361,0.4,Good,L,SI2,67.0,59.5,GIA,4.74 x 4.83 x 2.85,330.0,4.74,4.83,2.85
362,0.23,Good,F,SI1,62.0,60.5,GIA,3.93 x 3.90 x 2.37,331.0,3.93,3.9,2.37
363,0.23,Ideal,E,SI2,55.0,61.9,GIA,3.91 x 3.96 x 2.44,331.0,3.91,3.96,2.44
364,0.2,Ideal,H,IF,56.0,62.2,GIA,3.72 x 3.74 x 2.32,331.0,3.72,3.74,2.32
365,0.21,Ideal,F,VS1,58.0,60.2,GIA,3.88 x 3.90 x 2.34,331.0,3.88,3.9,2.34
366,0.23,Ideal,F,SI1,57.0,60.2,GIA,4.03 x 4.05 x 2.43,331.0,4.03,4.05,2.43
367,0.3,Good,G,I1,55.0,66.1,GIA,4.14 x 4.20 x 2.76,331.0,4.14,4.2,2.76
368,0.3,Good,I,I1,56.0,66.2,GIA,4.11 x 4.13 x 2.73,331.0,4.11,4.13,2.73
369,0.2,Ideal,E,VS2,55.0,62.6,GIA,3.75 x 3.77 x 2.36,331.0,3.75,3.77,2.36
370,0.3,Good,J,SI1,68.0,60.5,GIA,4.33 x 4.29 x 2.61,331.0,4.33,4.29,2.61
371,0.35,Good,E,I1,66.0,56.1,GIA,4.79 x 4.64 x 2.64,331.0,4.79,4.64,2.64
372,0.23,Good,J,VS1,62.0,60.7,GIA,3.98 x 3.95 x 2.41,332.0,3.98,3.95,2.41
373,0.3,Good,D,I1,63.0,59.3,GIA,4.32 x 4.34 x 2.57,332.0,4.32,4.34,2.57
374,0.24,Ideal,E,SI1,57.0,61.4,GIA,4.05 x 4.06 x 2.49,332.0,4.05,4.06,2.49
375,0.27,V.Good,I,VS1,61.0,58.4,GIA,4.22 x 4.31 x 2.49,332.0,4.22,4.31,2.49
376,0.22,V.Good,E,VVS2,63.5,60.6,IGI,3.87 x 3.89 x 2.35,332.0,3.87,3.89,2.35
377,0.25,Ideal,J,VS1,58.0,60.9,GIA,4.08 x 4.09 x 2.49,332.0,4.08,4.09,2.49
378,0.21,Ideal,F,VS1,56.0,62.8,GIA,3.79 x 3.81 x 2.39,332.0,3.79,3.81,2.39
379,0.23,Ideal,E,SI1,56.0,62.0,GIA,3.92 x 3.93 x 2.43,332.0,3.92,3.93,2.43
380,0.23,Ideal,G,SI1,61.0,59.0,GIA,4.02 x 4.05 x 2.38,332.0,4.02,4.05,2.38
381,0.23,Good,E,VS1,63.0,62.5,GIA,3.85 x 3.88 x 2.42,332.0,3.85,3.88,2.42
382,0.23,Ideal,H,SI1,56.0,61.8,GIA,3.94 x 3.96 x 2.44,332.0,3.94,3.96,2.44
383,0.26,Good,G,VS1,62.0,61.1,GIA,4.18 x 4.14 x 2.54,332.0,4.18,4.14,2.54
384,0.32,V.Good,K,SI2,59.0,61.9,GIA,4.40 x 4.37 x 2.71,332.0,4.4,4.37,2.71
385,0.37,V.Good,I,SI1,61.0,60.9,EGL,4.60 x 4.57 x 2.80,332.0,4.6,4.57,2.8
386,0.23,Ideal,F,SI2,55.0,61.5,GIA,3.96 x 3.99 x 2.45,333.0,3.96,3.99,2.45
387,0.25,Ideal,K,SI1,57.0,62.2,IGI,4.03 x 4.04 x 2.51,333.0,4.03,4.04,2.51
388,0.23,V.Good,I,VVS1,57.0,63.6,GIA,3.86 x 3.87 x 2.46,333.0,3.86,3.87,2.46
389,0.23,Ideal,J,VS2,59.0,61.6,GIA,3.91 x 3.93 x 2.42,333.0,3.91,3.93,2.42
390,0.28,Good,I,VVS2,67.0,57.8,GIA,4.24 x 4.33 x 2.48,333.0,4.24,4.33,2.48
391,0.23,Ideal,D,SI1,60.0,61.4,GIA,3.93 x 3.95 x 2.42,333.0,3.93,3.95,2.42
392,0.2,Ideal,F,VS1,59.0,61.2,GIA,3.80 x 3.83 x 2.33,333.0,3.8,3.83,2.33
393,0.32,V.Good,H,I1,60.0,59.5,GIA,4.46 x 4.48 x 2.66,333.0,4.46,4.48,2.66
394,0.32,V.Good,H,I1,57.0,62.7,GIA,4.33 x 4.35 x 2.72,333.0,4.33,4.35,2.72
395,0.26,V.Good,G,SI1,59.0,61.3,GIA,4.09 x 4.13 x 2.52,333.0,4.09,4.13,2.52
396,0.23,V.Good,E,VS1,64.0,60.0,GIA,3.90 x 3.99 x 2.37,333.0,3.9,3.99,2.37
397,0.23,Ideal,I,VS2,55.0,62.7,GIA,3.96 x 3.98 x 2.49,333.0,3.96,3.98,2.49
398,0.24,Good,F,VVS2,63.0,62.9,GIA,3.94 x 3.97 x 2.49,333.0,3.94,3.97,2.49
399,0.23,V.Good,F,SI1,55.0,63.3,GIA,3.87 x 3.89 x 2.46,333.0,3.87,3.89,2.46
400,0.26,V.Good,D,SI2,58.0,59.4,GIA,4.14 x 4.18 x 2.47,334.0,4.14,4.18,2.47
401,0.27,V.Good,E,SI2,60.0,61.3,GIA,4.17 x 4.20 x 2.57,334.0,4.17,4.2,2.57
402,0.23,Ideal,G,VS2,55.0,62.7,GIA,3.94 x 3.96 x 2.48,334.0,3.94,3.96,2.48
403,0.21,V.Good,I,IF,61.0,59.8,GIA,3.87 x 3.90 x 2.32,334.0,3.87,3.9,2.32
404,0.25,Ideal,F,SI1,67.0,61.5,GIA,4.07 x 4.09 x 2.51,334.0,4.07,4.09,2.51
405,0.24,Good,G,VS2,66.0,59.5,GIA,4.01 x 4.04 x 2.40,334.0,4.01,4.04,2.4
406,0.3,Good,G,I1,62.0,56.5,GIA,4.45 x 4.47 x 2.52,334.0,4.45,4.47,2.52
407,0.3,V.Good,F,I1,58.0,63.1,GIA,4.25 x 4.27 x 2.69,334.0,4.25,4.27,2.69
408,0.23,V.Good,E,VS1,62.0,60.7,GIA,3.97 x 4.04 x 2.43,334.0,3.97,4.04,2.43
409,0.3,V.Good,K,SI2,55.5,64.2,IGI,4.22 x 4.24 x 2.71,334.0,4.22,4.24,2.71
410,0.25,Ideal,I,VS2,57.0,62.7,GIA,4.04 x 4.06 x 2.54,334.0,4.04,4.06,2.54
411,0.23,Ideal,G,VS2,58.0,61.6,GIA,3.96 x 3.98 x 2.45,334.0,3.96,3.98,2.45
412,0.35,Good,J,SI1,59.0,66.8,GIA,4.33 x 4.30 x 2.88,334.0,4.33,4.3,2.88
413,0.43,Good,L,SI1,65.0,62.4,GIA,4.81 x 4.74 x 2.98,334.0,4.81,4.74,2.98
414,0.23,V.Good,D,SI1,60.0,60.7,GIA,3.97 x 4.01 x 2.42,335.0,3.97,4.01,2.42
415,0.29,V.Good,G,SI2,57.0,62.7,GIA,4.20 x 4.22 x 2.64,335.0,4.2,4.22,2.64
416,0.41,Good,J,I1,65.0,58.0,GIA,4.89 x 4.91 x 2.84,335.0,4.89,4.91,2.84
417,0.2,Ideal,G,VVS1,57.0,62.3,GIA,3.75 x 3.77 x 2.35,335.0,3.75,3.77,2.35
418,0.23,Ideal,I,VS1,60.0,61.6,GIA,3.90 x 3.92 x 2.41,335.0,3.9,3.92,2.41
419,0.2,Ideal,J,IF,61.0,60.2,GIA,3.78 x 3.81 x 2.28,335.0,3.78,3.81,2.28
420,0.2,Ideal,I,IF,57.0,62.2,GIA,3.74 x 3.77 x 2.34,335.0,3.74,3.77,2.34
421,0.2,Ideal,I,IF,56.0,62.4,GIA,3.76 x 3.78 x 2.35,335.0,3.76,3.78,2.35
422,0.21,Ideal,E,VS2,58.0,62.3,GIA,3.83 x 3.84 x 2.39,335.0,3.83,3.84,2.39
423,0.28,V.Good,I,VS2,59.5,63.4,IGI,4.12 x 4.17 x 2.63,335.0,4.12,4.17,2.63
424,0.23,Good,D,VS2,56.0,59.8,GIA,3.95 x 3.96 x 2.37,335.0,3.95,3.96,2.37
425,0.23,Good,D,VS2,61.0,59.2,GIA,3.93 x 3.95 x 2.33,335.0,3.93,3.95,2.33
426,0.3,V.Good,G,I1,57.0,64.0,GIA,4.18 x 4.20 x 2.68,335.0,4.18,4.2,2.68
427,0.29,Good,F,SI1,62.0,63.2,GIA,4.20 x 4.18 x 2.65,335.0,4.2,4.18,2.65
428,0.32,Ideal,L,SI1,59.0,61.7,GIA,4.39 x 4.37 x 2.70,335.0,4.39,4.37,2.7
429,0.42,Ideal,I,I2,57.0,60.9,GIA,4.88 x 4.84 x 2.96,335.0,4.88,4.84,2.96
430,0.27,V.Good,F,SI2,56.0,62.8,GIA,4.11 x 4.12 x 2.59,336.0,4.11,4.12,2.59
431,0.23,V.Good,J,VS2,58.0,62.8,GIA,3.94 x 3.91 x 2.46,336.0,3.94,3.91,2.46
432,0.23,Ideal,J,VS2,57.0,60.9,GIA,3.94 x 3.96 x 2.40,336.0,3.94,3.96,2.4
433,0.2,Ideal,G,VVS1,60.0,59.7,GIA,3.77 x 3.79 x 2.26,336.0,3.77,3.79,2.26
434,0.32,Ideal,H,I1,56.0,62.1,GIA,4.36 x 4.41 x 2.73,336.0,4.36,4.41,2.73
435,0.3,V.Good,F,I1,62.0,61.2,GIA,4.29 x 4.34 x 2.64,336.0,4.29,4.34,2.64
436,0.23,Good,F,VS1,55.0,64.6,GIA,3.85 x 3.86 x 2.49,336.0,3.85,3.86,2.49
437,0.24,Ideal,F,SI1,58.0,61.6,GIA,4.02 x 4.04 x 2.48,336.0,4.02,4.04,2.48
438,0.23,V.Good,F,SI1,59.0,61.6,GIA,3.93 x 3.94 x 2.42,336.0,3.93,3.94,2.42
439,0.3,V.Good,G,I1,58.0,62.1,GIA,4.24 x 4.32 x 2.66,336.0,4.24,4.32,2.66
440,0.23,V.Good,E,VS2,58.0,63.4,GIA,3.88 x 3.83 x 2.45,336.0,3.88,3.83,2.45
441,0.23,V.Good,I,VVS2,60.0,60.4,GIA,3.97 x 3.95 x 2.39,336.0,3.97,3.95,2.39
442,0.54,V.Good,I,I1,59.0,58.8,EGL,5.28 x 5.26 x 3.10,336.0,5.28,5.26,3.1
443,0.23,V.Good,D,VS2,55.0,64.1,GIA,3.84 x 3.87 x 2.47,337.0,3.84,3.87,2.47
444,0.23,V.Good,E,VS1,61.0,60.9,GIA,3.98 x 4.01 x 2.43,337.0,3.98,4.01,2.43
445,0.24,Good,G,VS1,58.5,64.9,IGI,3.84 x 3.86 x 2.50,337.0,3.84,3.86,2.5
446,0.32,Ideal,H,I1,61.0,60.9,GIA,4.37 x 4.43 x 2.68,337.0,4.37,4.43,2.68
447,0.23,V.Good,D,VS2,55.0,59.8,EGL USA,4.03 x 4.14 x 2.42,337.0,4.03,4.14,2.42
448,0.38,V.Good,K,SI2,60.0,59.9,GIA,4.73 x 4.69 x 2.82,337.0,4.73,4.69,2.82
449,0.26,Good,E,SI2,63.0,55.3,EGL,2.41 x 4.34 x 4.37,337.0,2.41,4.34,4.37
450,0.23,Good,D,SI1,56.0,64.7,GIA,3.87 x 3.84 x 2.50,338.0,3.87,3.84,2.5
451,0.3,Good,H,SI1,61.0,63.2,GIA,4.26 x 4.30 x 2.70,338.0,4.26,4.3,2.7
452,0.23,V.Good,E,SI1,56.0,61.3,GIA,3.94 x 3.97 x 2.43,338.0,3.94,3.97,2.43
453,0.29,V.Good,E,SI2,57.0,59.0,GIA,4.33 x 4.35 x 2.56,338.0,4.33,4.35,2.56
454,0.29,Good,J,VS2,65.0,61.4,GIA,4.18 x 4.27 x 2.59,338.0,4.18,4.27,2.59
455,0.21,Ideal,J,VVS2,57.0,62.1,GIA,3.79 x 3.81 x 2.36,338.0,3.79,3.81,2.36
456,0.21,Ideal,H,VVS1,59.0,60.3,GIA,3.84 x 3.86 x 2.32,338.0,3.84,3.86,2.32
457,0.2,Ideal,J,IF,58.0,61.7,GIA,3.72 x 3.75 x 2.31,338.0,3.72,3.75,2.31
458,0.24,Ideal,K,SI1,59.0,60.0,IGI,4.06 x 4.09 x 2.44,338.0,4.06,4.09,2.44
459,0.21,Ideal,G,VVS2,57.0,60.8,GIA,3.86 x 3.87 x 2.35,338.0,3.86,3.87,2.35
460,0.23,V.Good,H,VS2,55.0,62.0,GIA,3.93 x 3.94 x 2.44,338.0,3.93,3.94,2.44
461,0.21,Ideal,E,VS2,61.0,59.5,GIA,3.88 x 3.90 x 2.32,338.0,3.88,3.9,2.32
462,0.25,V.Good,I,VS2,59.0,62.3,GIA,4.03 x 4.06 x 2.52,338.0,4.03,4.06,2.52
463,0.3,Good,K,VS2,60.0,58.1,GIA,4.39 x 4.46 x 2.57,338.0,4.39,4.46,2.57
464,0.21,Ideal,E,VS2,56.0,62.2,GIA,3.82 x 3.84 x 2.38,338.0,3.82,3.84,2.38
465,0.28,Good,F,VS1,65.0,63.9,GIA,4.17 x 4.11 x 2.65,338.0,4.17,4.11,2.65
466,0.32,V.Good,E,I1,57.0,61.6,GIA,4.41 x 4.36 x 2.70,338.0,4.41,4.36,2.7
467,0.2,Ideal,G,VVS2,61.0,59.3,GIA,3.81 x 3.84 x 2.27,339.0,3.81,3.84,2.27
468,0.23,Ideal,I,VS2,61.0,59.6,IGI,3.97 x 3.99 x 2.37,339.0,3.97,3.99,2.37
469,0.24,V.Good,E,SI1,58.0,64.0,GIA,3.90 x 3.93 x 2.50,339.0,3.9,3.93,2.5
470,0.2,Ideal,H,IF,61.0,61.1,GIA,3.74 x 3.77 x 2.29,339.0,3.74,3.77,2.29
471,0.23,Ideal,J,VS1,58.0,61.3,IGI,3.95 x 3.98 x 2.43,339.0,3.95,3.98,2.43
472,0.3,V.Good,G,I1,56.0,63.8,GIA,4.21 x 4.25 x 2.70,339.0,4.21,4.25,2.7
473,0.29,V.Good,E,SI1,61.5,63.5,IGI,4.14 x 4.18 x 2.64,339.0,4.14,4.18,2.64
474,0.32,Good,K,SI1,68.0,58.0,GIA,4.46 x 4.50 x 2.60,339.0,4.46,4.5,2.6
475,0.24,Ideal,E,SI2,56.0,61.8,GIA,3.98 x 3.99 x 2.46,339.0,3.98,3.99,2.46
476,0.23,V.Good,H,VS2,59.0,59.7,GIA,3.96 x 3.94 x 2.36,339.0,3.96,3.94,2.36
477,0.3,Good,K,VVS2,61.0,60.0,GIA,4.38 x 4.34 x 2.61,339.0,4.38,4.34,2.61
478,0.35,Good,K,SI2,57.0,63.4,GIA,4.47 x 4.42 x 2.82,339.0,4.47,4.42,2.82
479,0.25,Good,E,SI1,60.0,58.3,GIA,4.11 x 4.13 x 2.40,340.0,4.11,4.13,2.4
480,0.25,Ideal,G,SI2,57.0,61.3,GIA,4.07 x 4.08 x 2.50,340.0,4.07,4.08,2.5
481,0.21,Ideal,E,VS1,56.0,62.9,GIA,3.79 x 3.82 x 2.39,340.0,3.79,3.82,2.39
482,0.31,Good,I,SI1,67.0,58.0,EGL USA,4.41 x 4.48 x 2.58,340.0,4.41,4.48,2.58
483,0.22,Ideal,E,VVS2,62.0,60.3,IGI,3.88 x 3.91 x 2.35,340.0,3.88,3.91,2.35
484,0.2,Ideal,H,VVS1,57.0,62.9,GIA,3.72 x 3.75 x 2.35,340.0,3.72,3.75,2.35
485,0.2,Ideal,I,VVS2,61.0,60.3,GIA,3.76 x 3.80 x 2.28,340.0,3.76,3.8,2.28
486,0.3,Ideal,G,I1,56.0,60.6,GIA,4.36 x 4.39 x 2.65,340.0,4.36,4.39,2.65
487,0.3,Ideal,G,I1,60.0,60.4,GIA,4.36 x 4.39 x 2.64,340.0,4.36,4.39,2.64
488,0.3,V.Good,G,I1,63.0,59.6,GIA,4.33 x 4.34 x 2.58,340.0,4.33,4.34,2.58
489,0.3,Good,G,I1,60.0,62.4,GIA,4.24 x 4.26 x 2.65,340.0,4.24,4.26,2.65
490,0.2,Ideal,G,VVS1,55.0,62.3,GIA,3.72 x 3.75 x 2.33,340.0,3.72,3.75,2.33
491,0.2,Ideal,I,IF,57.0,62.5,GIA,3.72 x 3.74 x 2.33,340.0,3.72,3.74,2.33
492,0.24,V.Good,I,VS1,55.0,62.7,GIA,3.94 x 3.96 x 2.48,340.0,3.94,3.96,2.48
493,0.3,V.Good,K,SI2,58.0,63.9,GIA,4.23 x 4.25 x 2.71,340.0,4.23,4.25,2.71
494,0.27,Good,F,VS1,67.0,57.8,GIA,4.29 x 4.21 x 2.46,340.0,4.29,4.21,2.46
495,0.3,Good,K,SI2,60.0,61.2,GIA,4.26 x 4.24 x 2.60,340.0,4.26,4.24,2.6
496,0.35,Good,L,SI1,62.0,56.1,GIA,4.75 x 4.64 x 2.64,340.0,4.75,4.64,2.64
497,0.35,V.Good,G,I1,66.0,58.7,GIA,4.61 x 4.55 x 2.69,340.0,4.61,4.55,2.69
498,0.51,Good,I,I2,59.0,64.7,GIA,4.94 x 5.01 x 3.22,340.0,4.94,5.01,3.22
499,0.35,Good,L,VS2,64.0,63.8,GIA,4.4 x 4.51 x 2.84,340.0,4.4,4.51,2.84
500,0.28,Good,G,VS2,64.0,56.5,GIA,4.3 x 4.36 x 2.45,340.0,4.3,4.36,2.45
501,0.35,V.Good,G,I1,66.0,58.7,GIA,4.55 x 4.61 x 2.69,340.0,4.55,4.61,2.69
502,0.23,V.Good,E,VS2,58.0,63.4,GIA,3.88 x 3.83 x 2.45,340.0,3.88,3.83,2.45
503,0.23,V.Good,I,VVS2,60.0,60.4,GIA,3.97 x 3.95 x 2.39,340.0,3.97,3.95,2.39
504,0.23,V.Good,H,VS2,59.0,59.7,GIA,3.96 x 3.94 x 2.36,340.0,3.96,3.94,2.36
505,0.32,V.Good,E,I1,57.0,61.6,GIA,4.41 x 4.36 x 2.7,340.0,4.41,4.36,2.7
506,0.29,V.Good,D,SI2,58.0,63.7,GIA,4.19 x 4.16 x 2.66,340.0,4.19,4.16,2.66
507,0.25,Good,F,VS2,63.0,63.8,GIA,3.93 x 4.03 x 2.54,340.0,3.93,4.03,2.54
508,0.2,V.Good,E,VS2,59.0,60.8,GIA,3.8 x 3.78 x 2.3,340.0,3.8,3.78,2.3
509,0.22,Good,E,VVS2,62.0,55.6,GIA,4.08 x 4.11 x 2.28,340.0,4.08,4.11,2.28
510,0.23,V.Good,E,VS1,62.0,60.7,GIA,3.97 x 4.04 x 2.43,340.0,3.97,4.04,2.43
511,0.38,V.Good,K,SI2,60.0,59.9,GIA,4.69 x 4.73 x 2.82,340.0,4.69,4.73,2.82
512,0.29,V.Good,D,VS1,65.0,53.7,EGL Intl.,4.42 x 4.45 x 2.38,340.0,4.42,4.45,2.38
513,0.32,V.Good,K,SI2,59.0,61.9,GIA,4.4 x 4.37 x 2.71,340.0,4.4,4.37,2.71
514,0.3,Ideal,F,I1,56.0,62.1,GIA,4.32 x 4.29 x 2.67,340.0,4.32,4.29,2.67
515,0.23,Ideal,E,VS1,58.0,60.2,GIA,3.98 x 3.99 x 2.4,340.0,3.98,3.99,2.4
516,0.27,Ideal,D,VS1,0.0,0.0,EGL Intl.,4.08 x 4.19 x 2.54,340.0,4.08,4.19,2.54
517,0.32,V.Good,G,I1,58.0,63.1,GIA,4.34 x 4.32 x 2.73,340.0,4.34,4.32,2.73
518,0.35,Good,K,SI2,57.0,63.4,GIA,4.47 x 4.42 x 2.82,340.0,4.47,4.42,2.82
519,0.33,Good,K,SI2,58.0,58.7,GIA,4.48 x 4.5 x 2.64,340.0,4.48,4.5,2.64
520,0.32,Ideal,L,SI1,59.0,61.7,GIA,4.39 x 4.37 x 2.7,340.0,4.39,4.37,2.7
521,0.2,V.Good,H,VVS1,60.0,62.6,GIA,3.72 x 3.69 x 2.32,340.0,3.72,3.69,2.32
522,0.35,Good,L,SI1,62.0,56.1,GIA,4.75 x 4.64 x 2.64,340.0,4.75,4.64,2.64
523,0.3,Good,K,VVS2,61.0,60.0,GIA,4.34 x 4.38 x 2.61,340.0,4.34,4.38,2.61
524,0.27,Good,G,SI1,63.0,56.6,GIA,4.32 x 4.2 x 2.41,340.0,4.32,4.2,2.41
525,0.29,V.Good,D,VS1,0.0,0.0,EGL Intl.,4.33 x 4.38 x 2.48,340.0,4.33,4.38,2.48
526,0.3,Good,K,SI2,60.0,61.2,GIA,4.26 x 4.24 x 2.6,340.0,4.26,4.24,2.6
527,0.34,Ideal,K,SI2,58.0,62.2,IGI,2.78 x 4.44 x 4.49,340.0,2.78,4.44,4.49
528,0.26,Good,F,SI2,58.0,62.4,GIA,4.07 x 4.05 x 2.53,341.0,4.07,4.05,2.53
529,0.23,Ideal,E,SI2,58.0,60.8,GIA,3.98 x 3.99 x 2.42,341.0,3.98,3.99,2.42
530,0.23,Ideal,F,SI1,57.0,60.7,GIA,3.94 x 3.99 x 2.41,341.0,3.94,3.99,2.41
531,0.24,Ideal,E,SI2,56.0,61.4,GIA,4.00 x 4.04 x 2.47,341.0,4.0,4.04,2.47
532,0.23,Ideal,F,SI1,55.0,61.7,GIA,3.95 x 3.99 x 2.45,341.0,3.95,3.99,2.45
533,0.24,Ideal,H,SI1,55.0,61.6,GIA,4.00 x 4.02 x 2.47,341.0,4.0,4.02,2.47
534,0.21,Ideal,H,VVS1,57.0,62.2,GIA,3.78 x 3.81 x 2.36,341.0,3.78,3.81,2.36
535,0.21,Ideal,I,VVS1,59.0,60.0,GIA,3.87 x 3.91 x 2.33,341.0,3.87,3.91,2.33
536,0.21,Ideal,H,VVS1,56.0,62.8,GIA,3.81 x 3.82 x 2.39,341.0,3.81,3.82,2.39
537,0.23,V.Good,D,VS2,60.0,59.3,GIA,3.98 x 4.01 x 2.37,341.0,3.98,4.01,2.37
538,0.25,Good,F,VS2,63.0,63.8,GIA,3.93 x 4.03 x 2.54,341.0,3.93,4.03,2.54
539,0.24,V.Good,H,VS2,64.0,59.1,IGI,4.06 x 4.10 x 2.41,341.0,4.06,4.1,2.41
540,0.34,V.Good,H,I1,59.0,60.6,GIA,4.49 x 4.54 x 2.74,341.0,4.49,4.54,2.74
541,0.28,Ideal,H,SI1,56.0,62.8,GIA,4.16 x 4.18 x 2.62,341.0,4.16,4.18,2.62
542,0.23,Ideal,D,VS2,60.0,61.3,GIA,3.93 x 3.95 x 2.41,341.0,3.93,3.95,2.41
543,0.21,Ideal,E,VS1,55.0,61.3,GIA,3.82 x 3.84 x 2.35,341.0,3.82,3.84,2.35
544,0.32,Good,H,I1,62.0,60.4,GIA,4.38 x 4.47 x 2.67,341.0,4.38,4.47,2.67
545,0.23,Ideal,D,SI1,55.0,61.9,GIA,3.98 x 3.99 x 2.47,341.0,3.98,3.99,2.47
546,0.23,Ideal,D,SI1,56.0,62.2,GIA,3.94 x 3.96 x 2.46,341.0,3.94,3.96,2.46
547,0.23,Ideal,E,SI1,60.0,59.1,GIA,4.00 x 4.03 x 2.37,341.0,4.0,4.03,2.37
548,0.23,V.Good,H,VS2,57.0,63.4,GIA,3.89 x 3.91 x 2.47,341.0,3.89,3.91,2.47
549,0.26,Ideal,I,VS2,56.0,62.5,GIA,4.07 x 4.09 x 2.55,341.0,4.07,4.09,2.55
550,0.33,Good,G,I1,60.0,60.7,GIA,4.45 x 4.41 x 2.69,341.0,4.45,4.41,2.69
551,0.41,Ideal,L,I1,58.0,63.4,GIA,2.99 x 4.7 x 4.72,341.0,2.99,4.7,4.72
552,0.25,Good,F,SI1,57.0,64.9,GIA,3.96 x 3.94 x 2.56,342.0,3.96,3.94,2.56
553,0.23,Ideal,H,SI1,55.0,62.0,GIA,3.96 x 3.97 x 2.46,342.0,3.96,3.97,2.46
554,0.23,Ideal,G,SI2,55.0,62.1,GIA,3.93 x 3.96 x 2.45,342.0,3.93,3.96,2.45
555,0.23,Ideal,J,VS1,58.0,61.8,GIA,3.97 x 3.95 x 2.45,342.0,3.97,3.95,2.45
556,0.2,Ideal,I,VVS1,61.0,60.5,GIA,3.76 x 3.79 x 2.29,342.0,3.76,3.79,2.29
557,0.2,Ideal,I,VVS1,56.0,62.7,GIA,3.73 x 3.75 x 2.34,342.0,3.73,3.75,2.34
558,0.21,Ideal,H,VVS1,60.0,61.3,GIA,3.82 x 3.85 x 2.35,342.0,3.82,3.85,2.35
559,0.28,V.Good,F,SI2,62.0,58.8,GIA,4.29 x 4.32 x 2.53,342.0,4.29,4.32,2.53
560,0.28,Ideal,F,SI2,62.0,59.7,GIA,4.26 x 4.29 x 2.55,342.0,4.26,4.29,2.55
561,0.21,V.Good,H,VVS1,60.0,59.9,GIA,3.85 x 3.88 x 2.32,342.0,3.85,3.88,2.32
562,0.21,Ideal,G,VVS2,59.0,60.2,GIA,3.86 x 3.88 x 2.33,342.0,3.86,3.88,2.33
563,0.3,Ideal,J,SI2,57.5,61.7,IGI,4.30 x 4.32 x 2.66,342.0,4.3,4.32,2.66
564,0.31,Good,H,SI2,62.0,62.6,GIA,4.30 x 4.33 x 2.70,342.0,4.3,4.33,2.7
565,0.31,V.Good,K,SI1,61.0,59.7,GIA,4.42 x 4.40 x 2.63,342.0,4.42,4.4,2.63
566,0.31,Ideal,I,I1,56.0,62.4,GIA,4.35 x 4.32 x 2.71,342.0,4.35,4.32,2.71
567,0.37,Good,F,I1,63.0,61.7,GIA,4.61 x 4.60 x 2.84,342.0,4.61,4.6,2.84
568,0.51,V.Good,I,I2,56.0,62.4,EGL,5.03 x 4.98 x 3.12,342.0,5.03,4.98,3.12
569,0.22,Ideal,I,VVS1,57.0,62.1,GIA,3.87 x 3.89 x 2.41,343.0,3.87,3.89,2.41
570,0.33,Good,K,SI2,58.0,58.7,GIA,4.48 x 4.50 x 2.64,343.0,4.48,4.5,2.64
571,0.22,V.Good,F,VVS1,63.0,60.4,IGI,3.88 x 3.93 x 2.36,343.0,3.88,3.93,2.36
572,0.22,V.Good,F,VVS1,62.0,62.4,IGI,3.82 x 3.88 x 2.40,343.0,3.82,3.88,2.4
573,0.22,V.Good,E,VVS1,66.0,57.6,IGI,4.02 x 4.07 x 2.33,343.0,4.02,4.07,2.33
574,0.4,Good,J,I1,61.0,57.4,GIA,4.84 x 4.88 x 2.79,343.0,4.84,4.88,2.79
575,0.3,Good,K,VS1,57.0,64.7,GIA,4.20 x 4.21 x 2.72,343.0,4.2,4.21,2.72
576,0.3,Ideal,E,I1,59.0,60.6,GIA,4.37 x 4.40 x 2.66,343.0,4.37,4.4,2.66
577,0.24,Ideal,F,SI1,56.0,62.4,GIA,4.00 x 4.02 x 2.50,343.0,4.0,4.02,2.5
578,0.24,Ideal,F,SI1,59.0,61.2,GIA,4.02 x 4.04 x 2.47,343.0,4.02,4.04,2.47
579,0.21,Ideal,I,VVS2,60.0,59.8,GIA,3.85 x 3.87 x 2.31,343.0,3.85,3.87,2.31
580,0.23,Ideal,E,SI1,57.0,61.4,GIA,3.97 x 3.98 x 2.44,343.0,3.97,3.98,2.44
581,0.3,Good,K,SI1,58.0,63.7,GIA,4.21 x 4.22 x 2.69,343.0,4.21,4.22,2.69
582,0.2,Ideal,F,VVS2,57.0,61.4,GIA,3.80 x 3.81 x 2.34,343.0,3.8,3.81,2.34
583,0.2,Ideal,F,VVS2,58.0,61.0,GIA,3.78 x 3.80 x 2.31,343.0,3.78,3.8,2.31
584,0.27,V.Good,H,VS2,64.0,58.5,GIA,4.28 x 4.19 x 2.48,343.0,4.28,4.19,2.48
585,0.29,Good,G,VS1,60.0,59.9,GIA,4.32 x 4.27 x 2.58,343.0,4.32,4.27,2.58
586,0.23,Ideal,F,SI2,60.0,63.0,GIA,2.43 x 3.82 x 3.89,343.0,2.43,3.82,3.89
587,0.24,Ideal,F,SI1,59.0,60.1,GIA,4.05 x 4.08 x 2.45,344.0,4.05,4.08,2.45
588,0.24,Ideal,F,SI1,58.0,62.1,GIA,4.01 x 4.02 x 2.50,344.0,4.01,4.02,2.5
589,0.21,Ideal,H,VVS2,60.0,60.5,GIA,3.84 x 3.88 x 2.34,344.0,3.84,3.88,2.34
590,0.23,Ideal,H,VS1,57.0,62.2,GIA,3.90 x 3.95 x 2.44,344.0,3.9,3.95,2.44
591,0.21,Ideal,I,IF,61.0,59.6,IGI,3.87 x 3.89 x 2.32,344.0,3.87,3.89,2.32
592,0.21,Ideal,H,VVS1,56.0,62.3,GIA,3.78 x 3.81 x 2.36,344.0,3.78,3.81,2.36
593,0.35,V.Good,K,SI2,53.5,65.0,IGI,4.44 x 4.50 x 2.90,344.0,4.44,4.5,2.9
594,0.33,Ideal,H,I1,59.0,60.3,GIA,4.47 x 4.49 x 2.70,344.0,4.47,4.49,2.7
595,0.33,Ideal,H,I1,60.0,60.2,GIA,4.44 x 4.48 x 2.68,344.0,4.44,4.48,2.68
596,0.23,Ideal,H,VS2,57.0,62.5,GIA,3.90 x 3.92 x 2.44,344.0,3.9,3.92,2.44
597,0.23,Ideal,G,VS2,58.0,61.0,GIA,3.98 x 4.00 x 2.44,344.0,3.98,4.0,2.44
598,0.23,Ideal,G,VS2,62.0,60.3,GIA,3.94 x 3.97 x 2.39,344.0,3.94,3.97,2.39
599,0.2,Ideal,I,VVS1,62.0,59.3,GIA,3.79 x 3.81 x 2.25,344.0,3.79,3.81,2.25
600,0.2,Ideal,H,VVS2,61.0,60.1,GIA,3.77 x 3.79 x 2.27,344.0,3.77,3.79,2.27
601,0.2,Ideal,G,VVS1,60.0,60.2,GIA,3.78 x 3.80 x 2.28,344.0,3.78,3.8,2.28
602,0.2,Ideal,H,VVS1,56.0,61.5,GIA,3.76 x 3.79 x 2.32,344.0,3.76,3.79,2.32
603,0.2,Ideal,H,VVS2,61.0,61.1,GIA,3.77 x 3.79 x 2.31,344.0,3.77,3.79,2.31
604,0.2,Ideal,H,VVS1,56.0,62.8,GIA,3.71 x 3.74 x 2.34,344.0,3.71,3.74,2.34
605,0.23,Ideal,D,SI1,56.0,61.2,GIA,3.99 x 4.01 x 2.45,344.0,3.99,4.01,2.45
606,0.25,V.Good,D,SI1,56.0,64.5,GIA,3.99 x 3.94 x 2.56,344.0,3.99,3.94,2.56
607,0.26,Ideal,H,SI1,58.0,62.3,GIA,4.07 x 4.09 x 2.54,345.0,4.07,4.09,2.54
608,0.29,Good,H,SI1,60.0,57.7,GIA,4.39 x 4.41 x 2.54,345.0,4.39,4.41,2.54
609,0.37,Good,H,I1,64.0,58.5,GIA,4.63 x 4.69 x 2.73,345.0,4.63,4.69,2.73
610,0.22,Good,E,VVS2,62.0,55.6,GIA,4.08 x 4.11 x 2.28,345.0,4.08,4.11,2.28
611,0.22,Ideal,F,VS2,59.0,61.1,GIA,3.90 x 3.92 x 2.39,345.0,3.9,3.92,2.39
612,0.2,Ideal,H,VVS1,56.0,62.8,GIA,3.72 x 3.74 x 2.34,345.0,3.72,3.74,2.34
613,0.23,Ideal,E,VS1,58.0,60.2,GIA,3.98 x 3.99 x 2.40,345.0,3.98,3.99,2.4
614,0.24,V.Good,H,VS2,65.5,59.5,IGI,4.02 x 4.04 x 2.40,345.0,4.02,4.04,2.4
615,0.23,V.Good,H,VS1,55.0,62.7,GIA,3.89 x 3.91 x 2.45,345.0,3.89,3.91,2.45
616,0.23,Ideal,H,VS2,58.0,61.3,GIA,3.96 x 3.97 x 2.43,345.0,3.96,3.97,2.43
617,0.23,Ideal,H,VS2,54.0,63.1,GIA,3.88 x 3.90 x 2.46,345.0,3.88,3.9,2.46
618,0.31,Ideal,G,I1,58.0,61.9,GIA,4.35 x 4.36 x 2.70,345.0,4.35,4.36,2.7
619,0.31,V.Good,G,I1,60.0,61.8,GIA,4.29 x 4.31 x 2.65,345.0,4.29,4.31,2.65
620,0.31,Good,G,I1,62.0,65.7,GIA,4.22 x 4.24 x 2.78,345.0,4.22,4.24,2.78
621,0.35,V.Good,G,I1,58.0,64.1,GIA,4.41 x 4.45 x 2.84,345.0,4.41,4.45,2.84
622,0.23,Ideal,H,VS2,58.0,61.2,GIA,3.92 x 3.95 x 2.41,345.0,3.92,3.95,2.41
623,0.31,Good,E,I1,60.0,66.1,GIA,4.12 x 4.15 x 2.73,345.0,4.12,4.15,2.73
624,0.28,V.Good,F,SI1,63.0,58.6,GIA,4.29 x 4.37 x 2.54,345.0,4.29,4.37,2.54
625,0.46,Good,H,I1,68.0,63.9,EGL,4.87 x 4.77 x 3.08,345.0,4.87,4.77,3.08
626,0.47,Ideal,G,I2,57.0,59.7,GIA,5.10 x 5.03 x 3.03,345.0,5.1,5.03,3.03
627,0.3,Ideal,D,I1,60.0,62.6,IGI,2.67 x 4.28 x 4.3,345.0,2.67,4.28,4.3
628,0.3,Ideal,J,SI1,56.0,61.5,GIA,4.37 x 4.33 x 2.67,346.0,4.37,4.33,2.67
629,0.28,V.Good,E,SI2,61.0,60.9,GIA,4.21 x 4.24 x 2.57,346.0,4.21,4.24,2.57
630,0.26,Ideal,G,SI1,58.0,61.0,GIA,4.14 x 4.16 x 2.54,346.0,4.14,4.16,2.54
631,0.2,Ideal,G,VVS2,59.0,61.1,GIA,3.78 x 3.81 x 2.32,346.0,3.78,3.81,2.32
632,0.25,Good,E,SI1,61.0,63.2,GIA,3.99 x 4.01 x 2.53,346.0,3.99,4.01,2.53
633,0.23,Ideal,D,SI1,55.0,62.2,GIA,3.93 x 3.95 x 2.45,346.0,3.93,3.95,2.45
634,0.23,Ideal,E,SI1,59.0,60.0,GIA,3.98 x 4.01 x 2.40,346.0,3.98,4.01,2.4
635,0.28,Good,I,VS1,64.0,59.6,GIA,4.18 x 4.27 x 2.52,346.0,4.18,4.27,2.52
636,0.21,Ideal,F,VVS1,55.0,62.5,GIA,3.79 x 3.80 x 2.37,346.0,3.79,3.8,2.37
637,0.27,V.Good,F,SI2,58.0,63.1,GIA,4.14 x 4.10 x 2.60,347.0,4.14,4.1,2.6
638,0.27,V.Good,H,SI1,59.0,58.7,GIA,4.27 x 4.28 x 2.51,347.0,4.27,4.28,2.51
639,0.23,Ideal,G,VS2,57.0,62.4,GIA,3.93 x 3.95 x 2.46,347.0,3.93,3.95,2.46
640,0.22,V.Good,D,VS2,55.0,63.0,GIA,3.87 x 3.89 x 2.44,347.0,3.87,3.89,2.44
641,0.24,Ideal,I,VS2,57.0,62.3,GIA,3.99 x 4.01 x 2.49,347.0,3.99,4.01,2.49
642,0.28,Ideal,G,SI1,58.0,61.0,GIA,4.22 x 4.23 x 2.58,347.0,4.22,4.23,2.58
643,0.25,Ideal,I,VS1,58.0,60.4,GIA,4.09 x 4.12 x 2.48,347.0,4.09,4.12,2.48
644,0.23,Ideal,D,SI1,58.0,60.1,GIA,3.98 x 4.00 x 2.40,347.0,3.98,4.0,2.4
645,0.31,Ideal,G,I1,60.0,60.1,GIA,4.41 x 4.42 x 2.65,347.0,4.41,4.42,2.65
646,0.23,V.Good,F,VS1,55.0,61.0,GIA,3.95 x 3.98 x 2.42,347.0,3.95,3.98,2.42
647,0.3,V.Good,K,SI1,54.0,62.2,GIA,4.31 x 4.33 x 2.69,347.0,4.31,4.33,2.69
648,0.3,Ideal,F,I1,60.0,58.9,GIA,4.37 x 4.39 x 2.58,347.0,4.37,4.39,2.58
649,0.31,Ideal,K,SI1,56.0,62.7,GIA,4.29 x 4.32 x 2.70,347.0,4.29,4.32,2.7
650,0.38,Good,L,SI2,60.0,64.7,GIA,4.54 x 4.46 x 2.91,347.0,4.54,4.46,2.91
651,0.4,Good,F,I1,56.0,66.0,EGL,4.53 x 4.50 x 2.98,347.0,4.53,4.5,2.98
652,0.23,V.Good,F,VS2,57.0,60.4,GIA,4.00 x 3.97 x 2.41,348.0,4.0,3.97,2.41
653,0.24,Ideal,G,SI1,56.0,60.9,GIA,3.98 x 4.03 x 2.44,348.0,3.98,4.03,2.44
654,0.24,Ideal,H,SI2,55.0,62.2,GIA,3.97 x 3.99 x 2.48,348.0,3.97,3.99,2.48
655,0.24,V.Good,E,SI1,60.0,58.8,GIA,4.09 x 4.11 x 2.41,348.0,4.09,4.11,2.41
656,0.34,Good,K,SI1,58.0,61.3,GIA,4.37 x 4.41 x 2.69,348.0,4.37,4.41,2.69
657,0.21,Ideal,H,VVS1,58.0,60.4,GIA,3.84 x 3.85 x 2.32,348.0,3.84,3.85,2.32
658,0.22,Ideal,F,VS2,59.0,60.9,GIA,3.88 x 3.89 x 2.37,348.0,3.88,3.89,2.37
659,0.25,Ideal,J,VS2,59.0,60.7,GIA,4.06 x 4.08 x 2.47,348.0,4.06,4.08,2.47
660,0.23,V.Good,F,VS2,55.0,63.2,GIA,3.89 x 3.91 x 2.46,348.0,3.89,3.91,2.46
661,0.26,Ideal,J,VS2,61.0,60.0,GIA,4.18 x 4.20 x 2.51,348.0,4.18,4.2,2.51
662,0.23,V.Good,F,VS1,60.5,62.6,IGI,3.90 x 3.93 x 2.45,348.0,3.9,3.93,2.45
663,0.23,Good,H,VVS2,65.5,61.9,IGI,3.91 x 3.94 x 2.43,348.0,3.91,3.94,2.43
664,0.23,V.Good,F,VS2,63.5,62.6,IGI,3.90 x 3.94 x 2.45,348.0,3.9,3.94,2.45
665,0.24,V.Good,H,VS2,57.0,64.6,IGI,3.89 x 3.94 x 2.53,348.0,3.89,3.94,2.53
666,0.23,Good,F,VS2,68.0,58.5,IGI,4.02 x 4.06 x 2.36,348.0,4.02,4.06,2.36
667,0.23,V.Good,F,VS2,61.5,59.9,IGI,3.95 x 4.01 x 2.39,348.0,3.95,4.01,2.39
668,0.23,V.Good,F,VS2,58.0,64.3,GIA,3.81 x 3.83 x 2.46,348.0,3.81,3.83,2.46
669,0.26,Ideal,I,VS2,56.0,61.7,GIA,4.13 x 4.14 x 2.55,348.0,4.13,4.14,2.55
670,0.2,Ideal,E,VVS2,61.0,59.3,GIA,3.83 x 3.85 x 2.28,348.0,3.83,3.85,2.28
671,0.23,V.Good,E,VS2,56.0,63.6,GIA,3.87 x 3.90 x 2.47,348.0,3.87,3.9,2.47
672,0.26,V.Good,F,SI1,61.0,59.4,GIA,4.15 x 4.17 x 2.47,348.0,4.15,4.17,2.47
673,0.23,Ideal,H,VS1,59.0,60.4,GIA,3.97 x 4.00 x 2.41,348.0,3.97,4.0,2.41
674,0.31,Ideal,G,I1,58.0,60.1,GIA,4.38 x 4.40 x 2.64,348.0,4.38,4.4,2.64
675,0.2,Ideal,H,IF,55.0,61.6,GIA,3.79 x 3.81 x 2.34,348.0,3.79,3.81,2.34
676,0.23,Ideal,G,VS2,60.0,60.1,GIA,3.98 x 3.99 x 2.40,348.0,3.98,3.99,2.4
677,0.23,V.Good,G,VS1,58.0,62.6,GIA,3.90 x 3.91 x 2.45,348.0,3.9,3.91,2.45
678,0.23,Ideal,H,VS1,56.0,62.2,GIA,3.92 x 3.94 x 2.45,348.0,3.92,3.94,2.45
679,0.23,Ideal,G,VS2,60.0,60.7,GIA,3.97 x 4.01 x 2.42,348.0,3.97,4.01,2.42
680,0.23,Ideal,G,VS2,56.0,62.1,GIA,3.94 x 3.97 x 2.46,348.0,3.94,3.97,2.46
681,0.23,Ideal,E,VS2,56.0,62.8,GIA,3.90 x 3.92 x 2.46,348.0,3.9,3.92,2.46
682,0.23,V.Good,F,VS1,59.0,63.4,GIA,3.82 x 3.89 x 2.44,348.0,3.82,3.89,2.44
683,0.25,Ideal,F,SI1,56.0,62.2,GIA,4.04 x 4.05 x 2.52,348.0,4.04,4.05,2.52
684,0.25,Ideal,F,SI1,57.0,61.3,GIA,4.04 x 4.05 x 2.48,348.0,4.04,4.05,2.48
685,0.23,Ideal,F,VS2,58.0,60.0,GIA,4.02 x 4.00 x 2.41,348.0,4.02,4.0,2.41
686,0.26,Ideal,F,SI2,57.0,62.0,GIA,4.13 x 4.10 x 2.55,349.0,4.13,4.1,2.55
687,0.2,Ideal,H,VVS1,58.0,60.7,GIA,3.77 x 3.81 x 2.30,349.0,3.77,3.81,2.3
688,0.2,Ideal,I,VVS1,61.0,59.6,GIA,3.81 x 3.83 x 2.28,349.0,3.81,3.83,2.28
689,0.21,V.Good,F,VVS2,60.0,59.8,GIA,3.89 x 3.91 x 2.33,349.0,3.89,3.91,2.33
690,0.23,Good,D,VS1,61.0,57.0,GIA,4.05 x 4.08 x 2.32,349.0,4.05,4.08,2.32
691,0.23,Ideal,E,VS1,61.0,59.3,GIA,4.00 x 4.03 x 2.38,349.0,4.0,4.03,2.38
692,0.29,V.Good,G,I1,58.0,59.9,GIA,4.31 x 4.34 x 2.59,349.0,4.31,4.34,2.59
693,0.21,Ideal,I,VVS1,60.0,60.1,GIA,3.86 x 3.88 x 2.32,349.0,3.86,3.88,2.32
694,0.31,V.Good,D,I1,59.0,60.7,GIA,4.34 x 4.31 x 2.63,349.0,4.34,4.31,2.63
695,0.38,Good,D,I1,55.0,64.3,EGL,4.60 x 4.55 x 2.94,349.0,4.6,4.55,2.94
696,0.38,Good,D,I1,56.0,67.0,EGL,4.57 x 4.48 x 3.03,349.0,4.57,4.48,3.03
697,0.38,Good,D,I1,57.0,65.1,EGL,4.56 x 4.50 x 2.95,349.0,4.56,4.5,2.95
698,0.38,Good,F,I2,60.0,65.4,EGL,4.50 x 4.40 x 2.91,349.0,4.5,4.4,2.91
699,0.38,Good,G,I1,58.0,65.3,EGL,4.50 x 4.44 x 2.92,349.0,4.5,4.44,2.92
700,0.38,Good,D,I1,59.0,65.5,EGL,4.48 x 4.44 x 2.92,349.0,4.48,4.44,2.92
701,0.38,Good,D,I1,56.0,64.6,EGL,4.54 x 4.50 x 2.92,349.0,4.54,4.5,2.92
702,0.23,Ideal,E,SI1,56.0,61.2,GIA,3.97 x 4.00 x 2.44,350.0,3.97,4.0,2.44
703,0.23,Ideal,I,VS1,60.0,59.5,GIA,4.04 x 4.01 x 2.39,350.0,4.04,4.01,2.39
704,0.23,Ideal,I,VS1,57.0,62.5,GIA,3.96 x 3.92 x 2.46,350.0,3.96,3.92,2.46
705,0.28,V.Good,K,VS1,57.0,62.9,GIA,4.15 x 4.17 x 2.62,350.0,4.15,4.17,2.62
706,0.25,Ideal,J,VS2,56.0,61.8,IGI,4.07 x 4.10 x 2.53,350.0,4.07,4.1,2.53
707,0.32,V.Good,K,IF,59.0,64.0,IGI,4.26 x 4.29 x 2.74,350.0,4.26,4.29,2.74
708,0.25,Ideal,I,VS1,60.0,60.1,GIA,4.07 x 4.10 x 2.45,350.0,4.07,4.1,2.45
709,0.22,Ideal,I,VVS1,60.0,60.8,GIA,3.88 x 3.90 x 2.36,350.0,3.88,3.9,2.36
710,0.23,V.Good,H,VVS2,63.0,60.0,IGI,2.31 x 3.85 x 0.00,350.0,2.31,3.85,
711,0.21,Ideal,I,VVS1,62.0,60.3,GIA,3.83 x 3.86 x 2.32,350.0,3.83,3.86,2.32
712,0.33,Good,G,I1,62.0,63.3,GIA,4.36 x 4.37 x 2.76,350.0,4.36,4.37,2.76
713,0.24,Ideal,E,SI1,58.0,60.3,GIA,4.05 x 4.06 x 2.44,350.0,4.05,4.06,2.44
714,0.24,Ideal,E,SI1,57.0,62.3,GIA,3.98 x 4.00 x 2.49,350.0,3.98,4.0,2.49
715,0.37,Good,D,I1,64.0,63.6,EGL,4.52 x 4.44 x 2.85,350.0,4.52,4.44,2.85
716,0.32,Ideal,I,SI2,57.0,61.7,GIA,4.43 x 4.4 x 2.72,350.0,4.43,4.4,2.72
717,0.26,V.Good,D,SI2,58.0,60.3,GIA,4.14 x 4.16 x 2.5,350.0,4.14,4.16,2.5
718,0.25,V.Good,D,SI1,56.0,64.5,GIA,3.99 x 3.94 x 2.56,350.0,3.99,3.94,2.56
719,0.37,V.Good,H,I1,60.0,60.1,GIA,4.67 x 4.64 x 2.8,350.0,4.67,4.64,2.8
720,0.27,Good,J,VS2,56.0,61.5,GIA,4.19 x 4.17 x 2.57,350.0,4.19,4.17,2.57
721,0.37,Good,J,I1,59.0,62.9,GIA,4.54 x 4.52 x 2.85,350.0,4.54,4.52,2.85
722,0.31,V.Good,K,SI1,61.0,59.7,GIA,4.42 x 4.4 x 2.63,350.0,4.42,4.4,2.63
723,0.35,Good,E,I1,66.0,56.1,GIA,4.79 x 4.64 x 2.64,350.0,4.79,4.64,2.64
724,0.31,V.Good,D,I1,59.0,60.7,GIA,4.34 x 4.31 x 2.63,350.0,4.34,4.31,2.63
725,0.31,Ideal,F,I1,58.0,60.9,GIA,4.39 x 4.36 x 2.66,350.0,4.39,4.36,2.66
726,0.37,Good,F,I1,63.0,61.7,GIA,4.6 x 4.61 x 2.84,350.0,4.6,4.61,2.84
727,0.31,V.Good,K,VS2,55.0,63.2,GIA,4.33 x 4.3 x 2.73,350.0,4.33,4.3,2.73
728,0.27,V.Good,H,VS2,64.0,58.5,GIA,4.19 x 4.28 x 2.48,350.0,4.19,4.28,2.48
729,0.2,V.Good,E,VVS2,61.0,59.3,GIA,3.81 x 3.8 x 2.26,350.0,3.81,3.8,2.26
730,0.37,Good,H,I1,63.0,62.2,GIA,4.53 x 4.57 x 2.83,350.0,4.53,4.57,2.83
731,0.29,Good,G,VS1,60.0,59.9,GIA,4.27 x 4.32 x 2.58,350.0,4.27,4.32,2.58
732,0.2,Ideal,E,VVS2,61.0,59.3,GIA,3.83 x 3.85 x 2.28,350.0,3.83,3.85,2.28
733,0.22,Ideal,G,VVS1,61.0,61.3,GIA,3.87 x 3.86 x 2.37,350.0,3.87,3.86,2.37
734,0.26,V.Good,D,VS1,0.0,0.0,EGL Intl.,4.08 x 4.19 x 2.55,350.0,4.08,4.19,2.55
735,0.21,V.Good,F,VVS2,60.0,59.8,GIA,3.91 x 3.89 x 2.33,350.0,3.91,3.89,2.33
736,0.2,Ideal,E,VVS2,61.0,59.3,GIA,3.85 x 3.83 x 2.28,350.0,3.85,3.83,2.28
737,0.26,V.Good,H,VS1,58.0,62.2,GIA,4.08 x 4.16 x 2.56,350.0,4.08,4.16,2.56
738,0.23,Good,D,VS2,60.0,60.4,GIA,3.95 x 3.91 x 2.37,350.0,3.95,3.91,2.37
739,0.31,V.Good,E,I1,59.0,62.1,GIA,4.33 x 4.3 x 2.68,350.0,4.33,4.3,2.68
740,0.38,V.Good,D,I1,55.0,64.3,EGL USA,4.6 x 4.55 x 2.94,350.0,4.6,4.55,2.94
741,0.31,Ideal,I,I1,56.0,62.4,GIA,4.32 x 4.35 x 2.71,350.0,4.32,4.35,2.71
742,0.2,Good,E,VVS2,59.0,64.9,GIA,3.67 x 3.65 x 2.38,350.0,3.67,3.65,2.38
743,0.37,Good,J,SI1,57.0,61.6,GIA,4.51 x 4.59 x 2.8,350.0,4.51,4.59,2.8
744,0.3,Good,I,SI1,67.0,59.1,GIA,4.36 x 4.47 x 2.61,350.0,4.36,4.47,2.61
745,0.38,Good,L,SI2,60.0,64.7,GIA,4.54 x 4.46 x 2.91,350.0,4.54,4.46,2.91
746,0.21,Good,F,VVS1,59.0,63.2,GIA,3.76 x 3.74 x 2.37,350.0,3.76,3.74,2.37
747,0.31,V.Good,L,VS2,61.0,60.5,GIA,4.35 x 4.33 x 2.63,350.0,4.35,4.33,2.63
748,0.31,V.Good,L,VS2,60.0,61.1,GIA,4.36 x 4.34 x 2.66,350.0,4.36,4.34,2.66
749,0.25,Good,E,SI1,58.0,64.5,GIA,3.93 x 3.90 x 2.52,351.0,3.93,3.9,2.52
750,0.21,Ideal,H,VVS1,58.0,61.9,GIA,3.79 x 3.81 x 2.36,351.0,3.79,3.81,2.36
751,0.21,Ideal,H,VVS2,57.0,62.5,GIA,3.78 x 3.79 x 2.37,351.0,3.78,3.79,2.37
752,0.23,Ideal,H,VS1,55.0,62.7,GIA,3.95 x 3.97 x 2.48,351.0,3.95,3.97,2.48
753,0.26,V.Good,H,VS1,58.0,62.2,GIA,4.08 x 4.16 x 2.56,351.0,4.08,4.16,2.56
754,0.24,V.Good,G,VS2,55.0,62.9,GIA,3.98 x 4.00 x 2.51,351.0,3.98,4.0,2.51
755,0.3,Good,F,I1,61.0,62.9,GIA,4.27 x 4.28 x 2.69,351.0,4.27,4.28,2.69
756,0.3,Good,F,I1,59.0,60.8,GIA,4.24 x 4.26 x 2.58,351.0,4.24,4.26,2.58
757,0.23,V.Good,F,VS2,58.0,62.7,GIA,3.91 x 3.94 x 2.46,351.0,3.91,3.94,2.46
758,0.2,Ideal,I,VVS1,57.0,62.4,GIA,3.73 x 3.75 x 2.33,351.0,3.73,3.75,2.33
759,0.24,Ideal,G,VS2,58.0,61.4,GIA,3.99 x 4.00 x 2.45,351.0,3.99,4.0,2.45
760,0.31,V.Good,G,I1,63.0,57.7,GIA,4.49 x 4.51 x 2.59,351.0,4.49,4.51,2.59
761,0.31,V.Good,G,I1,65.0,57.3,GIA,4.47 x 4.50 x 2.57,351.0,4.47,4.5,2.57
762,0.31,Good,G,I1,62.0,58.1,GIA,4.42 x 4.45 x 2.58,351.0,4.42,4.45,2.58
763,0.31,Ideal,G,I1,60.0,59.8,GIA,4.38 x 4.41 x 2.63,351.0,4.38,4.41,2.63
764,0.31,Ideal,G,I1,58.0,61.0,GIA,4.37 x 4.39 x 2.67,351.0,4.37,4.39,2.67
765,0.31,V.Good,G,I1,59.0,61.4,GIA,4.34 x 4.37 x 2.68,351.0,4.34,4.37,2.68
766,0.23,Ideal,G,VS2,58.0,61.7,GIA,3.90 x 3.92 x 2.41,351.0,3.9,3.92,2.41
767,0.23,Ideal,H,VS1,56.0,61.6,GIA,3.96 x 3.99 x 2.45,351.0,3.96,3.99,2.45
768,0.31,V.Good,L,VS2,60.0,61.1,GIA,4.36 x 4.34 x 2.66,351.0,4.36,4.34,2.66
769,0.31,V.Good,L,VS2,61.0,60.5,GIA,4.35 x 4.33 x 2.63,351.0,4.35,4.33,2.63
770,0.3,Good,K,SI2,64.0,56.8,EGL,2.53 x 4.44 x 4.47,351.0,2.53,4.44,4.47
771,0.24,Good,F,SI1,59.0,57.8,GIA,4.15 x 4.13 x 2.39,352.0,4.15,4.13,2.39
772,0.23,Ideal,E,VS2,56.0,62.9,GIA,3.89 x 3.91 x 2.46,352.0,3.89,3.91,2.46
773,0.23,Ideal,H,VS1,56.0,62.2,GIA,3.96 x 3.98 x 2.47,352.0,3.96,3.98,2.47
774,0.23,V.Good,F,VS1,58.0,62.9,GIA,3.87 x 3.90 x 2.44,352.0,3.87,3.9,2.44
775,0.26,Ideal,F,SI1,56.0,62.4,GIA,4.07 x 4.09 x 2.55,352.0,4.07,4.09,2.55
776,0.31,Ideal,I,I1,56.0,62.4,GIA,4.32 x 4.35 x 2.71,352.0,4.32,4.35,2.71
777,0.23,Good,D,VS1,60.5,65.7,IGI,3.78 x 3.80 x 2.49,352.0,3.78,3.8,2.49
778,0.23,V.Good,E,VS2,55.0,63.5,GIA,3.87 x 3.89 x 2.47,352.0,3.87,3.89,2.47
779,0.3,Ideal,G,I1,59.0,59.9,GIA,4.36 x 4.38 x 2.62,352.0,4.36,4.38,2.62
780,0.23,Good,E,VS2,54.0,64.6,GIA,3.85 x 3.88 x 2.50,352.0,3.85,3.88,2.5
781,0.23,V.Good,F,VS2,57.0,62.1,GIA,3.92 x 3.95 x 2.44,352.0,3.92,3.95,2.44
782,0.24,Ideal,E,SI1,55.0,61.4,GIA,4.05 x 4.07 x 2.49,352.0,4.05,4.07,2.49
783,0.23,V.Good,E,SI1,56.0,61.5,GIA,3.93 x 3.96 x 2.43,352.0,3.93,3.96,2.43
784,0.23,Ideal,F,SI2,57.0,61.7,GIA,3.94 x 3.96 x 2.44,352.0,3.94,3.96,2.44
785,0.23,V.Good,F,VS2,56.0,62.9,GIA,3.91 x 3.92 x 2.46,352.0,3.91,3.92,2.46
786,0.31,Ideal,K,VS2,57.0,61.9,GIA,4.34 x 4.31 x 2.68,352.0,4.34,4.31,2.68
787,0.31,V.Good,K,VS2,55.0,63.2,GIA,4.33 x 4.30 x 2.73,352.0,4.33,4.3,2.73
788,0.23,V.Good,E,SI1,64.0,59.0,GIA,3.98 x 3.97 x 2.34,353.0,3.98,3.97,2.34
789,0.24,V.Good,E,SI1,61.0,61.2,GIA,3.99 x 4.03 x 2.45,353.0,3.99,4.03,2.45
790,0.22,Ideal,E,VS2,57.0,62.7,GIA,3.84 x 3.85 x 2.41,353.0,3.84,3.85,2.41
791,0.22,Ideal,I,VVS1,60.0,60.0,GIA,3.91 x 3.93 x 2.35,353.0,3.91,3.93,2.35
792,0.21,Ideal,H,VVS1,58.0,61.8,GIA,3.79 x 3.80 x 2.35,353.0,3.79,3.8,2.35
793,0.3,Ideal,H,I1,55.0,62.8,GIA,4.31 x 4.32 x 2.71,353.0,4.31,4.32,2.71
794,0.25,Ideal,I,IF,58.0,59.8,GIA,4.11 x 4.13 x 2.47,353.0,4.11,4.13,2.47
795,0.21,Ideal,G,VVS2,56.0,62.8,GIA,3.81 x 3.84 x 2.40,353.0,3.81,3.84,2.4
796,0.23,V.Good,H,VS2,60.0,63.3,GIA,3.86 x 3.88 x 2.45,353.0,3.86,3.88,2.45
797,0.23,Ideal,F,VS2,56.0,61.8,GIA,3.93 x 3.96 x 2.44,353.0,3.93,3.96,2.44
798,0.3,V.Good,K,VS1,58.0,57.7,GIA,4.39 x 4.40 x 2.54,353.0,4.39,4.4,2.54
799,0.3,Ideal,J,SI2,55.5,61.7,IGI,4.29 x 4.33 x 2.66,353.0,4.29,4.33,2.66
800,0.2,Ideal,D,VVS1,58.0,61.2,GIA,3.78 x 3.80 x 2.32,353.0,3.78,3.8,2.32
801,0.2,Ideal,D,VVS1,57.0,61.4,GIA,3.77 x 3.79 x 2.32,353.0,3.77,3.79,2.32
802,0.2,Ideal,D,VVS1,57.0,62.2,GIA,3.75 x 3.76 x 2.34,353.0,3.75,3.76,2.34
803,0.2,Ideal,D,VVS1,57.0,62.3,GIA,3.76 x 3.78 x 2.35,353.0,3.76,3.78,2.35
804,0.28,V.Good,F,VS1,64.0,58.5,GIA,4.26 x 4.23 x 2.48,353.0,4.26,4.23,2.48
805,0.3,V.Good,J,SI1,62.0,62.0,GIA,4.30 x 4.24 x 2.65,353.0,4.3,4.24,2.65
806,0.3,V.Good,K,VS1,59.0,60.5,GIA,4.32 x 4.26 x 2.60,353.0,4.32,4.26,2.6
807,0.3,V.Good,K,VS1,59.0,62.9,GIA,4.25 x 4.24 x 2.67,353.0,4.25,4.24,2.67
808,0.3,V.Good,F,I1,59.0,59.1,GIA,4.40 x 4.38 x 2.60,353.0,4.4,4.38,2.6
809,0.32,Good,K,VS2,65.0,60.2,GIA,4.44 x 4.38 x 2.65,353.0,4.44,4.38,2.65
810,0.48,Ideal,L,SI1,57.0,62.0,GIA,5.07 x 5.02 x 3.13,353.0,5.07,5.02,3.13
811,0.23,Good,D,SI1,60.0,62.3,GIA,3.90 x 3.88 x 2.42,354.0,3.9,3.88,2.42
812,0.3,Good,J,SI2,56.0,65.0,GIA,4.16 x 4.18 x 2.71,354.0,4.16,4.18,2.71
813,0.24,Ideal,J,SI1,56.0,61.9,GIA,3.97 x 4.00 x 2.47,354.0,3.97,4.0,2.47
814,0.23,Ideal,D,SI2,55.0,61.4,GIA,3.96 x 3.98 x 2.44,354.0,3.96,3.98,2.44
815,0.21,Ideal,F,VVS1,59.0,61.0,GIA,3.82 x 3.85 x 2.34,354.0,3.82,3.85,2.34
816,0.25,V.Good,H,VS2,62.5,61.5,IGI,4.01 x 4.05 x 2.48,354.0,4.01,4.05,2.48
817,0.29,V.Good,E,SI1,59.0,62.6,GIA,4.20 x 4.27 x 2.65,354.0,4.2,4.27,2.65
818,0.4,V.Good,I,I1,58.0,63.8,GIA,4.62 x 4.64 x 2.95,354.0,4.62,4.64,2.95
819,0.34,V.Good,H,I1,60.0,62.6,GIA,4.46 x 4.48 x 2.80,354.0,4.46,4.48,2.8
820,0.23,Ideal,H,VS1,59.0,60.2,GIA,3.97 x 3.99 x 2.40,354.0,3.97,3.99,2.4
821,0.23,Ideal,H,VS2,55.0,61.7,GIA,3.95 x 3.97 x 2.44,354.0,3.95,3.97,2.44
822,0.35,Good,K,SI2,56.0,65.9,GIA,4.35 x 4.38 x 2.88,354.0,4.35,4.38,2.88
823,0.24,Good,E,VS2,63.0,58.3,GIA,4.08 x 4.09 x 2.38,354.0,4.08,4.09,2.38
824,0.31,V.Good,D,I1,57.0,63.6,GIA,4.26 x 4.22 x 2.70,354.0,4.26,4.22,2.7
825,0.5,Good,J,I1,58.0,66.1,EGL,4.98 x 4.85 x 3.24,354.0,4.98,4.85,3.24
826,0.3,Good,J,VS2,60.0,62.1,GIA,4.20 x 4.24 x 2.63,355.0,4.2,4.24,2.63
827,0.25,V.Good,E,SI1,61.0,58.6,GIA,4.11 x 4.15 x 2.42,355.0,4.11,4.15,2.42
828,0.3,Good,I,VS2,63.0,61.5,GIA,4.30 x 4.32 x 2.65,355.0,4.3,4.32,2.65
829,0.31,Good,F,SI2,58.0,62.7,GIA,4.27 x 4.36 x 2.71,355.0,4.27,4.36,2.71
830,0.25,V.Good,F,SI1,61.0,58.5,GIA,4.15 x 4.16 x 2.43,355.0,4.15,4.16,2.43
831,0.28,V.Good,E,SI1,59.0,61.5,GIA,4.20 x 4.24 x 2.60,355.0,4.2,4.24,2.6
832,0.21,Ideal,G,VVS2,58.0,61.5,GIA,3.83 x 3.85 x 2.36,355.0,3.83,3.85,2.36
833,0.2,Ideal,H,IF,59.0,61.5,GIA,3.74 x 3.76 x 2.30,355.0,3.74,3.76,2.3
834,0.3,Good,J,SI1,68.0,60.5,GIA,4.29 x 4.33 x 2.61,355.0,4.29,4.33,2.61
835,0.33,Good,F,I1,67.0,58.1,GIA,4.47 x 4.49 x 2.60,355.0,4.47,4.49,2.6
836,0.37,Good,H,I1,63.0,62.2,GIA,4.53 x 4.57 x 2.83,355.0,4.53,4.57,2.83
837,0.22,Ideal,I,VVS1,60.0,61.0,GIA,3.87 x 3.90 x 2.37,355.0,3.87,3.9,2.37
838,0.2,Ideal,I,IF,58.0,60.1,GIA,3.79 x 3.82 x 2.29,355.0,3.79,3.82,2.29
839,0.3,Good,F,I1,65.0,58.4,GIA,4.36 x 4.37 x 2.55,355.0,4.36,4.37,2.55
840,0.3,V.Good,F,I1,61.0,60.6,GIA,4.34 x 4.37 x 2.64,355.0,4.34,4.37,2.64
841,0.23,Ideal,G,VS2,60.0,61.0,GIA,3.94 x 3.96 x 2.41,355.0,3.94,3.96,2.41
842,0.23,Ideal,G,VS2,60.0,59.4,GIA,3.98 x 4.00 x 2.37,355.0,3.98,4.0,2.37
843,0.23,V.Good,G,VS1,54.0,63.2,GIA,3.89 x 3.91 x 2.46,355.0,3.89,3.91,2.46
844,0.23,V.Good,E,SI1,58.0,63.1,GIA,3.89 x 3.91 x 2.46,355.0,3.89,3.91,2.46
845,0.41,Good,G,I1,56.0,64.6,EGL,4.68 x 4.64 x 3.01,355.0,4.68,4.64,3.01
846,0.3,V.Good,L,VS1,63.0,59.8,GIA,2.59 x 4.32 x 4.34,355.0,2.59,4.32,4.34
847,0.24,Ideal,E,SI2,56.0,61.8,GIA,3.96 x 3.99 x 2.46,356.0,3.96,3.99,2.46
848,0.28,V.Good,G,SI1,60.0,61.3,GIA,4.18 x 4.20 x 2.57,356.0,4.18,4.2,2.57
849,0.3,Good,J,VS2,57.0,65.7,GIA,4.14 x 4.17 x 2.73,356.0,4.14,4.17,2.73
850,0.22,Ideal,E,VS2,57.0,62.5,GIA,3.83 x 3.88 x 2.41,356.0,3.83,3.88,2.41
851,0.23,Ideal,J,VS1,59.0,60.4,GIA,3.97 x 4.01 x 2.41,356.0,3.97,4.01,2.41
852,0.26,Ideal,H,VS2,58.0,65.0,GIA,4.14 x 4.17 x 2.51,356.0,4.14,4.17,2.51
853,0.26,Ideal,H,VS2,58.0,64.0,GIA,4.13 x 4.16 x 2.51,356.0,4.13,4.16,2.51
854,0.23,Ideal,H,VS1,57.0,62.9,GIA,3.90 x 3.93 x 2.46,356.0,3.9,3.93,2.46
855,0.3,Good,K,SI1,62.0,57.1,GIA,4.39 x 4.40 x 2.51,356.0,4.39,4.4,2.51
856,0.3,Good,F,I1,56.0,64.3,GIA,4.20 x 4.21 x 2.70,356.0,4.2,4.21,2.7
857,0.32,Ideal,G,I1,58.0,60.2,GIA,4.45 x 4.46 x 2.68,356.0,4.45,4.46,2.68
858,0.32,V.Good,G,I1,55.0,63.7,GIA,4.36 x 4.39 x 2.79,356.0,4.36,4.39,2.79
859,0.23,V.Good,F,VS1,61.0,59.7,GIA,3.96 x 3.98 x 2.37,356.0,3.96,3.98,2.37
860,0.25,Ideal,I,VS1,57.0,62.1,GIA,4.02 x 4.03 x 2.50,356.0,4.02,4.03,2.5
861,0.2,V.Good,F,VVS2,59.0,61.8,GIA,3.73 x 3.74 x 2.31,356.0,3.73,3.74,2.31
862,0.23,Ideal,E,SI1,55.0,62.6,GIA,3.92 x 3.94 x 2.46,356.0,3.92,3.94,2.46
863,0.23,V.Good,E,VS1,60.0,61.3,GIA,3.91 x 3.96 x 2.41,356.0,3.91,3.96,2.41
864,0.23,V.Good,E,VS1,58.0,62.7,GIA,3.87 x 3.91 x 2.44,356.0,3.87,3.91,2.44
865,0.23,V.Good,E,VS1,60.0,59.3,GIA,3.98 x 4.01 x 2.37,356.0,3.98,4.01,2.37
866,0.23,V.Good,F,VS1,59.0,59.3,GIA,3.99 x 4.01 x 2.37,356.0,3.99,4.01,2.37
867,0.23,Ideal,F,VS2,57.0,61.6,GIA,3.94 x 3.95 x 2.43,356.0,3.94,3.95,2.43
868,0.25,Ideal,D,SI2,57.0,61.5,GIA,4.08 x 4.06 x 2.50,356.0,4.08,4.06,2.5
869,0.28,V.Good,H,VS2,63.0,58.1,GIA,4.28 x 4.24 x 2.48,356.0,4.28,4.24,2.48
870,0.28,Good,L,VVS2,64.0,60.9,GIA,2.57 x 4.19 x 4.25,356.0,2.57,4.19,4.25
871,0.29,Good,J,VS2,60.0,63.6,GIA,4.15 x 4.18 x 2.65,357.0,4.15,4.18,2.65
872,0.23,Good,E,SI1,62.0,60.5,GIA,3.92 x 3.91 x 2.37,357.0,3.92,3.91,2.37
873,0.23,Good,E,SI1,59.0,64.2,GIA,3.88 x 3.85 x 2.48,357.0,3.88,3.85,2.48
874,0.23,V.Good,E,SI1,62.0,60.8,GIA,3.93 x 3.90 x 2.38,357.0,3.93,3.9,2.38
875,0.23,V.Good,D,SI1,57.0,62.6,GIA,3.93 x 3.91 x 2.46,357.0,3.93,3.91,2.46
876,0.23,Ideal,F,SI2,57.0,61.7,GIA,3.96 x 3.98 x 2.45,357.0,3.96,3.98,2.45
877,0.3,Good,I,SI2,60.0,59.2,GIA,4.32 x 4.34 x 2.56,357.0,4.32,4.34,2.56
878,0.26,Ideal,H,SI2,60.0,60.6,GIA,4.10 x 4.14 x 2.49,357.0,4.1,4.14,2.49
879,0.22,Good,H,VS2,65.0,61.0,GIA,3.82 x 3.88 x 2.35,357.0,3.82,3.88,2.35
880,0.4,V.Good,J,I1,52.0,63.1,GIA,4.67 x 4.71 x 2.96,357.0,4.67,4.71,2.96
881,0.42,Ideal,J,I1,57.0,60.9,GIA,4.86 x 4.88 x 2.96,357.0,4.86,4.88,2.96
882,0.23,Ideal,D,VS1,62.0,60.5,GIA,3.95 x 3.97 x 2.40,357.0,3.95,3.97,2.4
883,0.28,Ideal,F,SI2,57.0,62.1,GIA,4.19 x 4.21 x 2.61,357.0,4.19,4.21,2.61
884,0.24,Ideal,H,VS1,60.0,59.7,GIA,4.04 x 4.06 x 2.42,357.0,4.04,4.06,2.42
885,0.3,Ideal,F,I1,56.0,62.0,GIA,4.31 x 4.33 x 2.68,357.0,4.31,4.33,2.68
886,0.23,Ideal,E,VS1,60.0,59.1,GIA,4.01 x 4.03 x 2.38,357.0,4.01,4.03,2.38
887,0.25,Ideal,I,VS1,55.0,62.1,GIA,4.06 x 4.09 x 2.53,357.0,4.06,4.09,2.53
888,0.3,Good,I,SI1,62.0,65.6,IGI,4.13 x 4.15 x 2.72,357.0,4.13,4.15,2.72
889,0.23,Good,D,VS2,56.0,64.9,GIA,3.81 x 3.87 x 2.49,357.0,3.81,3.87,2.49
890,0.4,Good,G,I1,60.0,63.7,EGL,4.66 x 4.64 x 2.96,357.0,4.66,4.64,2.96
891,0.54,Good,J,I1,66.0,61.9,EGL,5.17 x 5.11 x 3.18,357.0,5.17,5.11,3.18
892,0.23,V.Good,I,VVS1,61.0,58.3,GIA,4.04 x 4.02 x 2.35,358.0,4.04,4.02,2.35
893,0.31,Ideal,J,SI2,57.0,62.3,GIA,4.30 x 4.33 x 2.69,358.0,4.3,4.33,2.69
894,0.23,Ideal,F,SI1,56.0,61.8,GIA,3.95 x 3.98 x 2.45,358.0,3.95,3.98,2.45
895,0.3,V.Good,F,I1,59.0,59.1,GIA,4.38 x 4.40 x 2.60,358.0,4.38,4.4,2.6
896,0.21,Ideal,J,VVS2,56.0,62.2,GIA,3.83 x 3.86 x 2.39,358.0,3.83,3.86,2.39
897,0.21,Ideal,I,VVS2,61.0,60.2,GIA,3.82 x 3.84 x 2.31,358.0,3.82,3.84,2.31
898,0.3,Ideal,F,I1,60.0,60.8,GIA,4.33 x 4.35 x 2.64,358.0,4.33,4.35,2.64
899,0.3,Ideal,F,I1,60.0,59.2,GIA,4.40 x 4.42 x 2.61,358.0,4.4,4.42,2.61
900,0.22,Good,D,VVS1,67.0,58.9,GIA,3.93 x 3.97 x 2.33,358.0,3.93,3.97,2.33
901,0.24,Ideal,D,VS2,57.5,61.5,IGI,4.02 x 4.05 x 2.48,358.0,4.02,4.05,2.48
902,0.23,Ideal,G,VS2,56.0,62.8,GIA,3.90 x 3.91 x 2.45,358.0,3.9,3.91,2.45
903,0.35,Ideal,H,I1,56.0,61.6,GIA,4.55 x 4.57 x 2.81,358.0,4.55,4.57,2.81
904,0.25,V.Good,D,VS2,58.0,63.3,IGI,4.00 x 4.03 x 2.54,358.0,4.0,4.03,2.54
905,0.22,Ideal,G,VVS2,61.0,59.5,GIA,3.90 x 3.93 x 2.33,358.0,3.9,3.93,2.33
906,0.3,Good,D,I1,64.0,57.8,GIA,4.40 x 4.42 x 2.55,358.0,4.4,4.42,2.55
907,0.2,V.Good,D,VVS1,57.0,61.0,GIA,3.78 x 3.80 x 2.31,358.0,3.78,3.8,2.31
908,0.22,Ideal,I,VVS1,57.0,62.2,GIA,3.86 x 3.88 x 2.41,358.0,3.86,3.88,2.41
909,0.23,V.Good,G,VS1,62.0,58.7,GIA,4.01 x 4.04 x 2.36,358.0,4.01,4.04,2.36
910,0.23,Ideal,D,VS2,60.0,59.9,GIA,3.96 x 3.98 x 2.38,358.0,3.96,3.98,2.38
911,0.3,Good,E,I1,53.0,64.7,GIA,4.20 x 4.23 x 2.73,358.0,4.2,4.23,2.73
912,0.29,Good,G,VS1,57.0,63.7,GIA,4.17 x 4.13 x 2.64,358.0,4.17,4.13,2.64
913,0.62,Good,I,I2,55.0,63.4,GIA,5.49 x 5.36 x 3.44,358.0,5.49,5.36,3.44
914,0.23,V.Good,J,VS2,58.0,66.2,GIA,2.52 x 3.8 x 3.82,358.0,2.52,3.8,3.82
915,0.23,Ideal,D,SI1,55.0,61.5,GIA,3.97 x 4.02 x 2.46,359.0,3.97,4.02,2.46
916,0.28,V.Good,H,SI1,59.0,61.4,GIA,4.20 x 4.21 x 2.58,359.0,4.2,4.21,2.58
917,0.23,Ideal,I,VVS1,59.0,60.3,GIA,3.95 x 3.98 x 2.39,359.0,3.95,3.98,2.39
918,0.27,V.Good,K,VS1,58.0,63.9,GIA,4.03 x 4.06 x 2.59,359.0,4.03,4.06,2.59
919,0.35,Good,J,SI1,59.0,66.8,GIA,4.30 x 4.33 x 2.88,359.0,4.3,4.33,2.88
920,0.24,Ideal,D,SI1,58.0,61.9,GIA,3.98 x 3.99 x 2.47,359.0,3.98,3.99,2.47
921,0.41,Good,J,I1,58.0,61.5,GIA,4.74 x 4.81 x 2.94,359.0,4.74,4.81,2.94
922,0.26,Ideal,H,SI1,57.0,62.7,GIA,4.09 x 4.11 x 2.57,359.0,4.09,4.11,2.57
923,0.3,Ideal,J,SI2,56.0,62.9,IGI,4.27 x 4.29 x 2.69,359.0,4.27,4.29,2.69
924,0.3,Good,D,I1,66.0,54.8,GIA,4.49 x 4.52 x 2.47,359.0,4.49,4.52,2.47
925,0.27,Ideal,F,SI1,57.0,61.2,GIA,4.17 x 4.18 x 2.55,359.0,4.17,4.18,2.55
926,0.32,V.Good,F,I1,58.0,61.3,GIA,4.41 x 4.42 x 2.70,359.0,4.41,4.42,2.7
927,0.3,V.Good,K,VVS1,56.0,63.5,GIA,4.24 x 4.28 x 2.70,359.0,4.24,4.28,2.7
928,0.33,Ideal,K,VS1,57.0,62.0,GIA,4.42 x 4.46 x 2.75,359.0,4.42,4.46,2.75
929,0.23,Ideal,G,VS2,61.0,60.4,GIA,3.98 x 4.00 x 2.41,359.0,3.98,4.0,2.41
930,0.23,Ideal,F,VS2,59.0,60.7,GIA,3.95 x 3.99 x 2.41,359.0,3.95,3.99,2.41
931,0.23,Ideal,F,VS2,59.0,60.6,GIA,3.98 x 4.00 x 2.42,359.0,3.98,4.0,2.42
932,0.23,Ideal,G,VS2,58.0,61.9,GIA,3.93 x 3.95 x 2.44,359.0,3.93,3.95,2.44
933,0.31,Ideal,G,I1,59.0,60.4,GIA,4.38 x 4.39 x 2.65,359.0,4.38,4.39,2.65
934,0.23,Ideal,F,VS2,60.0,61.0,GIA,3.93 x 3.96 x 2.40,359.0,3.93,3.96,2.4
935,0.23,Ideal,E,VS2,57.0,62.5,GIA,3.90 x 3.92 x 2.44,359.0,3.9,3.92,2.44
936,0.23,Ideal,F,VS2,57.0,62.2,GIA,3.94 x 3.96 x 2.46,359.0,3.94,3.96,2.46
937,0.23,Ideal,G,VS2,56.0,62.0,GIA,3.92 x 3.94 x 2.44,359.0,3.92,3.94,2.44
938,0.23,Ideal,F,VS2,55.0,62.3,GIA,3.94 x 3.96 x 2.46,359.0,3.94,3.96,2.46
939,0.23,Ideal,G,VS2,59.0,60.0,GIA,3.98 x 4.00 x 2.39,359.0,3.98,4.0,2.39
940,0.23,Ideal,H,VS1,59.0,59.7,GIA,4.03 x 4.05 x 2.41,359.0,4.03,4.05,2.41
941,0.23,Ideal,G,VS2,59.0,60.5,GIA,3.98 x 3.99 x 2.41,359.0,3.98,3.99,2.41
942,0.23,Ideal,F,VS2,56.0,61.5,GIA,3.97 x 3.99 x 2.45,359.0,3.97,3.99,2.45
943,0.23,Ideal,G,VS1,57.0,62.0,GIA,3.96 x 3.98 x 2.46,359.0,3.96,3.98,2.46
944,0.23,Ideal,H,VS1,55.0,62.6,GIA,3.95 x 3.98 x 2.48,359.0,3.95,3.98,2.48
945,0.23,Ideal,G,VS2,57.0,61.3,GIA,3.96 x 3.98 x 2.43,359.0,3.96,3.98,2.43
946,0.21,Ideal,F,VVS2,58.0,62.0,GIA,3.81 x 3.83 x 2.37,359.0,3.81,3.83,2.37
947,0.21,Ideal,F,VVS1,59.0,60.9,GIA,3.84 x 3.86 x 2.34,359.0,3.84,3.86,2.34
948,0.2,Ideal,E,VVS2,58.0,60.4,GIA,3.84 x 3.85 x 2.32,359.0,3.84,3.85,2.32
949,0.2,Ideal,E,VVS2,58.0,60.6,GIA,3.80 x 3.81 x 2.31,359.0,3.8,3.81,2.31
950,0.2,Ideal,E,VVS2,58.0,60.6,GIA,3.82 x 3.83 x 2.32,359.0,3.82,3.83,2.32
951,0.2,Ideal,E,VVS2,58.0,61.4,GIA,3.81 x 3.83 x 2.34,359.0,3.81,3.83,2.34
952,0.2,Ideal,E,VVS2,58.0,60.8,GIA,3.81 x 3.83 x 2.32,359.0,3.81,3.83,2.32
953,0.2,Ideal,E,VVS2,56.0,61.6,GIA,3.81 x 3.82 x 2.35,359.0,3.81,3.82,2.35
954,0.2,Ideal,E,VVS2,58.0,61.2,GIA,3.81 x 3.82 x 2.34,359.0,3.81,3.82,2.34
955,0.2,Ideal,E,VVS2,58.0,60.9,GIA,3.81 x 3.82 x 2.32,359.0,3.81,3.82,2.32
956,0.2,Ideal,E,VVS2,57.0,61.4,GIA,3.78 x 3.80 x 2.33,359.0,3.78,3.8,2.33
957,0.2,Ideal,E,VVS2,57.0,61.7,GIA,3.78 x 3.79 x 2.34,359.0,3.78,3.79,2.34
958,0.2,Ideal,E,VVS1,57.0,61.9,GIA,3.74 x 3.76 x 2.32,359.0,3.74,3.76,2.32
959,0.36,V.Good,K,SI1,60.0,59.6,GIA,4.69 x 4.66 x 2.79,359.0,4.69,4.66,2.79
960,0.36,Good,F,I1,53.0,64.2,EGL,4.49 x 4.45 x 2.87,359.0,4.49,4.45,2.87
961,0.36,Ideal,L,SI2,59.0,60.2,GIA,4.62 x 4.61 x 2.78,359.0,4.62,4.61,2.78
962,0.38,Good,E,I1,54.0,64.1,EGL,4.60 x 4.54 x 2.93,359.0,4.6,4.54,2.93
963,0.38,Good,G,I1,56.0,63.9,EGL,4.56 x 4.51 x 2.90,359.0,4.56,4.51,2.9
964,0.38,Good,D,I1,60.0,57.1,EGL,4.80 x 4.76 x 2.73,359.0,4.8,4.76,2.73
965,0.38,Good,E,I1,64.0,64.0,EGL,4.50 x 4.41 x 2.85,359.0,4.5,4.41,2.85
966,0.51,V.Good,L,I1,60.0,59.9,EGL,5.16 x 5.12 x 3.08,359.0,5.16,5.12,3.08
967,0.33,Ideal,J,I1,56.0,63.5,GIA,2.77 x 4.36 x 4.37,359.0,2.77,4.36,4.37
968,0.27,Good,F,SI1,65.0,62.0,GIA,2.54 x 4.06 x 4.14,359.0,2.54,4.06,4.14
969,0.27,V.Good,F,SI2,62.0,59.0,GIA,4.25 x 4.22 x 2.50,360.0,4.25,4.22,2.5
970,0.36,Good,J,SI1,63.0,62.3,GIA,4.50 x 4.56 x 2.82,360.0,4.5,4.56,2.82
971,0.28,V.Good,H,SI1,57.0,59.1,GIA,4.30 x 4.32 x 2.55,360.0,4.3,4.32,2.55
972,0.28,V.Good,H,SI1,59.0,60.1,GIA,4.25 x 4.27 x 2.56,360.0,4.25,4.27,2.56
973,0.22,Ideal,J,IF,59.0,60.8,GIA,3.89 x 3.93 x 2.38,360.0,3.89,3.93,2.38
974,0.22,Ideal,G,VVS2,57.0,62.1,GIA,3.86 x 3.87 x 2.40,360.0,3.86,3.87,2.4
975,0.22,Ideal,I,VVS1,58.0,61.8,GIA,3.85 x 3.89 x 2.39,360.0,3.85,3.89,2.39
976,0.24,Ideal,J,VVS2,54.0,62.4,IGI,4.00 x 4.04 x 2.51,360.0,4.0,4.04,2.51
977,0.25,Ideal,K,VS1,58.0,62.3,GIA,4.02 x 4.04 x 2.51,360.0,4.02,4.04,2.51
978,0.23,Ideal,E,VS2,54.0,62.1,GIA,3.92 x 3.95 x 2.44,360.0,3.92,3.95,2.44
979,0.23,Ideal,H,VS2,57.0,61.3,GIA,3.96 x 3.97 x 2.43,360.0,3.96,3.97,2.43
980,0.23,V.Good,E,VS1,64.0,61.7,IGI,3.90 x 3.94 x 2.42,360.0,3.9,3.94,2.42
981,0.23,Good,D,VS2,61.0,64.7,IGI,3.83 x 3.91 x 2.51,360.0,3.83,3.91,2.51
982,0.23,V.Good,E,VS2,59.0,62.7,GIA,3.89 x 3.93 x 2.45,360.0,3.89,3.93,2.45
983,0.26,Good,H,VS2,68.0,58.6,IGI,4.17 x 4.23 x 2.46,360.0,4.17,4.23,2.46
984,0.23,Ideal,E,VS1,57.0,59.9,GIA,3.97 x 3.99 x 2.39,360.0,3.97,3.99,2.39
985,0.23,V.Good,E,VS1,56.0,62.7,GIA,3.91 x 3.93 x 2.46,360.0,3.91,3.93,2.46
986,0.23,Ideal,H,VS2,61.0,59.9,GIA,3.97 x 4.00 x 2.39,360.0,3.97,4.0,2.39
987,0.23,V.Good,D,VS1,55.0,64.0,GIA,3.87 x 3.88 x 2.48,360.0,3.87,3.88,2.48
988,0.23,V.Good,F,VS2,55.0,63.2,GIA,3.88 x 3.91 x 2.46,360.0,3.88,3.91,2.46
989,0.3,Ideal,F,I1,60.0,59.2,GIA,4.37 x 4.39 x 2.59,360.0,4.37,4.39,2.59
990,0.23,Ideal,E,VS2,59.0,61.5,GIA,3.93 x 3.96 x 2.42,360.0,3.93,3.96,2.42
991,0.23,Ideal,F,VS2,56.0,61.7,GIA,3.94 x 3.96 x 2.44,360.0,3.94,3.96,2.44
992,0.23,Ideal,F,VS2,58.0,61.5,GIA,3.92 x 3.96 x 2.42,360.0,3.92,3.96,2.42
993,0.23,Ideal,F,VS2,60.0,60.7,GIA,3.95 x 3.97 x 2.41,360.0,3.95,3.97,2.41
994,0.23,Ideal,F,VS2,58.0,61.3,GIA,3.98 x 3.99 x 2.44,360.0,3.98,3.99,2.44
995,0.23,Ideal,F,VS2,55.0,62.7,GIA,3.92 x 3.94 x 2.46,360.0,3.92,3.94,2.46
996,0.23,Ideal,F,VS2,57.0,62.0,GIA,3.94 x 3.96 x 2.45,360.0,3.94,3.96,2.45
997,0.23,Ideal,F,VS2,60.0,61.6,GIA,3.90 x 3.94 x 2.41,360.0,3.9,3.94,2.41
998,0.23,V.Good,E,VS2,55.0,61.5,GIA,3.93 x 3.96 x 2.43,360.0,3.93,3.96,2.43
999,0.21,Ideal,H,VVS1,61.0,60.6,GIA,3.87 x 3.89 x 2.35,360.0,3.87,3.89,2.35
